title,id,imdb_rating,number_of_votes,genre,imdb_url,description,director,top_actors,release_year,certificate,metascore,budget,run_time_minutes,budget_million,box_office_million,award_wins,award_nominations
The Shawshank Redemption,/title/tt0111161/,9.3,3097262,Drama,https://www.imdb.com/title/tt0111161/,"A banker convicted of uxoricide forms a friendship over a quarter century with a hardened convict, while maintaining his innocence and trying to remain hopeful through simple compassion.",Frank Darabont,"Tim Robbins, Morgan Freeman, Bob Gunton",1994,R,82.0,"$25,000,000 (estimated)",142,25.0,29.33,21.0,42.0
The Godfather,/title/tt0068646/,9.2,2158747,"Crime, Drama",https://www.imdb.com/title/tt0068646/,The aging patriarch of an organized crime dynasty transfers control of his clandestine empire to his reluctant son.,Francis Ford Coppola,"Marlon Brando, Al Pacino, James Caan",1972,R,100.0,"$6,000,000 (estimated)",175,6.0,250.34,31.0,31.0
The Dark Knight,/title/tt0468569/,9.1,3072316,"Action, Crime, Drama",https://www.imdb.com/title/tt0468569/,"When a menace known as the Joker wreaks havoc and chaos on the people of Gotham, Batman, James Gordon and Harvey Dent must work together to put an end to the madness.",Christopher Nolan,"Christian Bale, Heath Ledger, Aaron Eckhart",2008,PG-13,85.0,"$185,000,000 (estimated)",152,185.0,1009.24,163.0,165.0
The Godfather Part II,/title/tt0071562/,9.0,1450979,"Crime, Drama",https://www.imdb.com/title/tt0071562/,"The early life and career of Vito Corleone in 1920s New York City is portrayed, while his son, Michael, expands and tightens his grip on the family crime syndicate.",Francis Ford Coppola,"Al Pacino, Robert De Niro, Robert Duvall",1974,R,90.0,"$13,000,000 (estimated)",202,13.0,48.01,17.0,21.0
12 Angry Men,/title/tt0050083/,9.0,947709,"Crime, Drama",https://www.imdb.com/title/tt0050083/,The jury in a New York City murder trial is frustrated by a single member whose skeptical caution forces them to more carefully consider the evidence before jumping to a hasty verdict.,Sidney Lumet,"Henry Fonda, Lee J. Cobb, Martin Balsam",1957,Approved,97.0,"$350,000 (estimated)",96,0.35,0.0,16.0,12.0
The Lord of the Rings: The Return of the King,/title/tt0167260/,9.0,2106230,"Adventure, Drama, Fantasy",https://www.imdb.com/title/tt0167260/,Gandalf and Aragorn lead the World of Men against Sauron&apos;s army to draw his gaze from Frodo and Sam as they approach Mount Doom with the One Ring.,Peter Jackson,"Elijah Wood, Viggo Mortensen, Ian McKellen",2003,PG-13,94.0,"$94,000,000 (estimated)",201,94.0,1139.43,215.0,124.0
Schindler&apos;s List,/title/tt0108052/,9.0,1544915,"Biography, Drama, History",https://www.imdb.com/title/tt0108052/,"In German-occupied Poland during World War II, industrialist Oskar Schindler gradually becomes concerned for his Jewish workforce after witnessing their persecution by the Nazis.",Steven Spielberg,"Liam Neeson, Ralph Fiennes, Ben Kingsley",1993,R,95.0,"$22,000,000 (estimated)",195,22.0,322.16,91.0,49.0
The Lord of the Rings: The Fellowship of the Ring,/title/tt0120737/,8.9,2139798,"Adventure, Drama, Fantasy",https://www.imdb.com/title/tt0120737/,A meek Hobbit from the Shire and eight companions set out on a journey to destroy the powerful One Ring and save Middle-earth from the Dark Lord Sauron.,Peter Jackson,"Elijah Wood, Ian McKellen, Orlando Bloom",2001,PG-13,92.0,"$93,000,000 (estimated)",178,93.0,889.47,125.0,126.0
Pulp Fiction,/title/tt0110912/,8.8,2368293,"Crime, Drama",https://www.imdb.com/title/tt0110912/,"The lives of two mob hitmen, a boxer, a gangster and his wife, and a pair of diner bandits intertwine in four tales of violence and redemption.",Quentin Tarantino,"John Travolta, Uma Thurman, Samuel L. Jackson",1994,R,95.0,"$8,000,000 (estimated)",154,8.0,213.93,69.0,72.0
"Il buono, il brutto, il cattivo",/title/tt0060196/,8.8,867573,"Adventure, Drama, Western",https://www.imdb.com/title/tt0060196/,A bounty-hunting scam joins two men in an uneasy alliance against a third in a race to find a fortune in gold buried in a remote cemetery.,Sergio Leone,"Clint Eastwood, Eli Wallach, Lee Van Cleef",1966,R,90.0,"$1,200,000 (estimated)",161,1.2,25.27,2.0,5.0
Forrest Gump,/title/tt0109830/,8.8,2418621,"Drama, Romance",https://www.imdb.com/title/tt0109830/,"The history of the United States from the 1950s to the &apos;70s unfolds from the perspective of an Alabama man with an IQ of 75, who yearns to be reunited with his childhood sweetheart.",Robert Zemeckis,"Tom Hanks, Robin Wright, Gary Sinise",1994,PG-13,82.0,"$55,000,000 (estimated)",142,55.0,678.23,51.0,74.0
The Lord of the Rings: The Two Towers,/title/tt0167261/,8.8,1900090,"Adventure, Drama, Fantasy",https://www.imdb.com/title/tt0167261/,"While Frodo and Sam edge closer to Mordor with the help of the shifty Gollum, the divided fellowship makes a stand against Sauron&apos;s new ally, Saruman, and his hordes of Isengard.",Peter Jackson,"Elijah Wood, Ian McKellen, Viggo Mortensen",2002,PG-13,87.0,"$94,000,000 (estimated)",179,94.0,938.83,132.0,138.0
Fight Club,/title/tt0137523/,8.8,2513584,"Crime, Drama, Thriller",https://www.imdb.com/title/tt0137523/,An insomniac office worker and a devil-may-care soap maker form an underground fight club that evolves into much more.,David Fincher,"Brad Pitt, Edward Norton, Meat Loaf",1999,R,67.0,"$63,000,000 (estimated)",139,63.0,101.32,12.0,38.0
Inception,/title/tt1375666/,8.8,2729182,"Action, Adventure, Sci-Fi",https://www.imdb.com/title/tt1375666/,"A thief who steals corporate secrets through the use of dream-sharing technology is given the inverse task of planting an idea into the mind of a C.E.O., but his tragic past may doom the project and his team to disaster.",Christopher Nolan,"Leonardo DiCaprio, Joseph Gordon-Levitt, Elliot Page",2010,PG-13,74.0,"$160,000,000 (estimated)",148,160.0,839.79,159.0,220.0
Star Wars: Episode V - The Empire Strikes Back,/title/tt0080684/,8.7,1464620,"Action, Adventure, Fantasy",https://www.imdb.com/title/tt0080684/,"After the Empire overpowers the Rebel Alliance, Luke Skywalker begins training with Jedi Master Yoda, while Darth Vader and bounty hunter Boba Fett pursue his friends across the galaxy.",Irvin Kershner,"Mark Hamill, Harrison Ford, Carrie Fisher",1980,PG,82.0,"$18,000,000 (estimated)",124,18.0,550.02,27.0,21.0
The Matrix,/title/tt0133093/,8.7,2186196,"Action, Sci-Fi",https://www.imdb.com/title/tt0133093/,"When a beautiful stranger leads computer hacker Neo to a forbidding underworld, he discovers the shocking truth--the life he knows is the elaborate deception of an evil cyber-intelligence.",Lana Wachowski,"Keanu Reeves, Laurence Fishburne, Carrie-Anne Moss",1999,R,73.0,"$63,000,000 (estimated)",136,63.0,467.85,42.0,52.0
GoodFellas,/title/tt0099685/,8.7,1348178,"Biography, Crime, Drama",https://www.imdb.com/title/tt0099685/,"The story of Henry Hill and his life in the mafia, covering his relationship with his wife Karen and his mob partners Jimmy Conway and Tommy DeVito.",Martin Scorsese,"Robert De Niro, Ray Liotta, Joe Pesci",1990,R,92.0,"$25,000,000 (estimated)",145,25.0,47.07,44.0,38.0
Interstellar,/title/tt0816692/,8.7,2403968,"Adventure, Drama, Sci-Fi",https://www.imdb.com/title/tt0816692/,"When Earth becomes uninhabitable in the future, a farmer and ex-NASA pilot, Joseph Cooper, is tasked to pilot a spacecraft, along with a team of researchers, to find a new planet for humans.",Christopher Nolan,"Matthew McConaughey, Anne Hathaway, Jessica Chastain",2014,PG-13,74.0,"$165,000,000 (estimated)",169,165.0,759.02,44.0,148.0
One Flew Over the Cuckoo&apos;s Nest,/title/tt0073486/,8.7,1130852,Drama,https://www.imdb.com/title/tt0073486/,"A rebellious convict is sent to a psychiatric hospital for evaluation in 1963 Oregon, and encourages his docile companions to take more control of their lives and defy the tyrannical head nurse.",Milos Forman,"Jack Nicholson, Louise Fletcher, Michael Berryman",1975,R,84.0,"$3,000,000 (estimated)",133,3.0,109.12,38.0,15.0
Se7en,/title/tt0114369/,8.6,1948270,"Crime, Drama, Mystery",https://www.imdb.com/title/tt0114369/,"Two detectives, a rookie and a veteran, hunt a serial killer who uses the seven deadly sins as his motives.",David Fincher,"Morgan Freeman, Brad Pitt, Kevin Spacey",1995,R,65.0,"$33,000,000 (estimated)",127,33.0,328.98,29.0,44.0
It&apos;s a Wonderful Life,/title/tt0038650/,8.6,534126,"Drama, Family, Fantasy",https://www.imdb.com/title/tt0038650/,An angel is sent from Heaven to help a desperately frustrated businessman by showing him what life would have been like if he had never existed.,Frank Capra,"James Stewart, Donna Reed, Lionel Barrymore",1946,PG,89.0,"$3,180,000 (estimated)",130,3.18,10.64,11.0,7.0
The Silence of the Lambs,/title/tt0102926/,8.6,1661831,"Crime, Drama, Horror",https://www.imdb.com/title/tt0102926/,"A young F.B.I. cadet must receive the help of an incarcerated and manipulative cannibal killer to help catch another serial killer, a madman who skins his victims.",Jonathan Demme,"Jodie Foster, Anthony Hopkins, Scott Glenn",1991,R,86.0,"$19,000,000 (estimated)",118,19.0,272.74,71.0,50.0
Shichinin no samurai,/title/tt0047478/,8.6,390406,"Action, Drama",https://www.imdb.com/title/tt0047478/,"Farmers from a village exploited by bandits hire a veteran samurai for protection, and he gathers six other samurai to join him.",Akira Kurosawa,"Toshirô Mifune, Takashi Shimura, Keiko Tsushima",1954,Not Rated,98.0,"¥125,000,000 (estimated)",207,125.0,1.09,5.0,9.0
Saving Private Ryan,/title/tt0120815/,8.6,1592170,"Drama, War",https://www.imdb.com/title/tt0120815/,"Following the Normandy Landings, a group of U.S. soldiers go behind enemy lines to retrieve a paratrooper whose comrades have been killed in action.",Steven Spielberg,"Tom Hanks, Matt Damon, Tom Sizemore",1998,R,91.0,"$70,000,000 (estimated)",169,70.0,482.35,79.0,75.0
The Green Mile,/title/tt0120689/,8.6,1510679,"Crime, Drama, Fantasy",https://www.imdb.com/title/tt0120689/,A death row guard learns that a gentle giant in his charge possesses a mysterious gift.,Frank Darabont,"Tom Hanks, Michael Clarke Duncan, David Morse",1999,R,61.0,"$60,000,000 (estimated)",189,60.0,286.8,15.0,37.0
Cidade de Deus,/title/tt0317248/,8.6,848757,"Crime, Drama",https://www.imdb.com/title/tt0317248/,"In the slums of Rio, two kids&apos; paths diverge as one struggles to become a photographer and the other a kingpin.",Fernando Meirelles,"Alexandre Rodrigues, Leandro Firmino, Matheus Nachtergaele",2002,R,79.0,"R$3,300,000 (estimated)",130,,30.68,75.0,50.0
La vita è bella,/title/tt0118799/,8.6,789667,"Comedy, Drama, Romance",https://www.imdb.com/title/tt0118799/,"When an open-minded Jewish waiter and his son become victims of the Holocaust, he uses a perfect mixture of will, humor and imagination to protect his son from the dangers around their camp.",Roberto Benigni,"Roberto Benigni, Nicoletta Braschi, Giorgio Cantarini",1997,PG-13,58.0,"ITL 15,000,000,000 (estimated)",116,15000.0,230.1,72.0,52.0
Terminator 2: Judgment Day,/title/tt0103064/,8.6,1250325,"Action, Adventure, Sci-Fi",https://www.imdb.com/title/tt0103064/,"A cyborg, identical to the one who failed to kill Sarah Connor, must now protect her ten year old son John from an even more advanced and powerful cyborg.",James Cameron,"Arnold Schwarzenegger, Linda Hamilton, Edward Furlong",1991,R,75.0,"$102,000,000 (estimated)",137,102.0,517.78,39.0,33.0
Star Wars,/title/tt0076759/,8.6,1531172,"Action, Adventure, Fantasy",https://www.imdb.com/title/tt0076759/,"Luke Skywalker joins forces with a Jedi Knight, a cocky pilot, a Wookiee and two droids to save the galaxy from the Empire&apos;s world-destroying battle station, while also attempting to rescue Princess Leia from the mysterious Darth ...",George Lucas,"Mark Hamill, Harrison Ford, Carrie Fisher",1977,PG,90.0,"$11,000,000 (estimated)",121,11.0,775.4,70.0,31.0
Back to the Future,/title/tt0088763/,8.5,1401327,"Adventure, Comedy, Sci-Fi",https://www.imdb.com/title/tt0088763/,"Marty McFly, a 17-year-old high school student, is accidentally sent 30 years into the past in a time-traveling DeLorean invented by his close friend, the maverick scientist Doc Brown.",Robert Zemeckis,"Michael J. Fox, Christopher Lloyd, Lea Thompson",1985,PG,87.0,"$19,000,000 (estimated)",116,19.0,385.05,27.0,25.0
Sen to Chihiro no kamikakushi,/title/tt0245429/,8.6,929818,"Animation, Adventure, Family",https://www.imdb.com/title/tt0245429/,"During her family&apos;s move to the suburbs, a sullen 10-year-old girl wanders into a world ruled by gods, witches and spirits, and where humans are changed into beasts.",Hayao Miyazaki,"Daveigh Chase, Suzanne Pleshette, Miyu Irino",2001,PG,96.0,"$19,000,000 (estimated)",124,19.0,360.05,58.0,31.0
The Pianist,/title/tt0253474/,8.5,983063,"Biography, Drama, Music",https://www.imdb.com/title/tt0253474/,"During WWII, acclaimed Polish musician Wladyslaw faces various struggles as he loses contact with his family. As the situation worsens, he hides in the ruins of Warsaw in order to survive.",Roman Polanski,"Adrien Brody, Thomas Kretschmann, Frank Finlay",2002,R,85.0,"$35,000,000 (estimated)",150,35.0,120.1,57.0,74.0
Gladiator,/title/tt0172495/,8.5,1792595,"Action, Adventure, Drama",https://www.imdb.com/title/tt0172495/,A former Roman General sets out to exact vengeance against the corrupt emperor who murdered his family and sent him into slavery.,Ridley Scott,"Russell Crowe, Joaquin Phoenix, Connie Nielsen",2000,R,67.0,"$103,000,000 (estimated)",155,103.0,465.52,60.0,104.0
Gisaengchung,/title/tt6751668/,8.5,1098869,"Drama, Thriller",https://www.imdb.com/title/tt6751668/,Greed and class discrimination threaten the newly formed symbiotic relationship between the wealthy Park family and the destitute Kim clan.,Bong Joon Ho,"Song Kang-ho, Lee Sun-kyun, Cho Yeo-jeong",2019,R,97.0,"$11,400,000 (estimated)",132,11.4,262.55,309.0,260.0
Psycho,/title/tt0054215/,8.5,762857,"Drama, Horror, Mystery",https://www.imdb.com/title/tt0054215/,A secretary on the run for embezzlement takes refuge at a secluded California motel owned by a repressed man and his overbearing mother.,Alfred Hitchcock,"Anthony Perkins, Janet Leigh, Vera Miles",1960,R,97.0,"$806,947 (estimated)",109,0.81,32.25,8.0,14.0
The Lion King,/title/tt0110357/,8.5,1221788,"Animation, Adventure, Drama",https://www.imdb.com/title/tt0110357/,"Lion prince Simba and his father are targeted by his bitter uncle, who wants to ascend the throne himself.",Roger Allers,"Matthew Broderick, Jeremy Irons, James Earl Jones",1994,G,88.0,"$45,000,000 (estimated)",88,45.0,979.16,43.0,35.0
Hotaru no haka,/title/tt0095327/,8.5,361409,"Animation, Drama, War",https://www.imdb.com/title/tt0095327/,A young boy and his little sister struggle to survive in Japan during World War II.,Isao Takahata,"Tsutomu Tatsumi, Ayano Shiraishi, Akemi Yamaguchi",1988,Not Rated,94.0,"$3,700,000 (estimated)",88,3.7,0.84,,
The Departed,/title/tt0407887/,8.5,1510803,"Crime, Drama, Thriller",https://www.imdb.com/title/tt0407887/,An undercover cop and a mole in the police attempt to identify each other while infiltrating an Irish gang in South Boston.,Martin Scorsese,"Leonardo DiCaprio, Matt Damon, Jack Nicholson",2006,R,85.0,"$90,000,000 (estimated)",151,90.0,292.1,100.0,141.0
Whiplash,/title/tt2582802/,8.5,1098979,"Drama, Music",https://www.imdb.com/title/tt2582802/,A promising young drummer enrolls at a cut-throat music conservatory where his dreams of greatness are mentored by an instructor who will stop at nothing to realize a student&apos;s potential.,Damien Chazelle,"Miles Teller, J.K. Simmons, Melissa Benoist",2014,R,89.0,"$3,300,000 (estimated)",106,3.3,50.43,99.0,144.0
Seppuku,/title/tt0056058/,8.6,82921,"Drama, Mystery",https://www.imdb.com/title/tt0056058/,"When a ronin requesting seppuku at a feudal lord&apos;s palace is told of the brutal suicide of another ronin who previously visited, he reveals how their pasts are intertwined - and in doing so challenges the clan&apos;s integrity.",Masaki Kobayashi,"Tatsuya Nakadai, Akira Ishihama, Shima Iwashita",1962,Not Rated,85.0,,133,,0.02,9.0,3.0
The Prestige,/title/tt0482571/,8.5,1539686,"Drama, Mystery, Sci-Fi",https://www.imdb.com/title/tt0482571/,Rival 19th-century magicians engage in a bitter battle for trade secrets.,Christopher Nolan,"Christian Bale, Hugh Jackman, Scarlett Johansson",2006,PG-13,66.0,"$40,000,000 (estimated)",130,40.0,109.68,6.0,44.0
American History X,/title/tt0120586/,8.5,1244790,"Crime, Drama",https://www.imdb.com/title/tt0120586/,A white supremacist is released from prison a changed man and hopes to prevent his younger brother from following in his footsteps.,Tony Kaye,"Edward Norton, Edward Furlong, Beverly D&apos;Angelo",1998,R,62.0,"$20,000,000 (estimated)",119,20.0,23.88,4.0,15.0
Léon,/title/tt0110413/,8.5,1318982,"Action, Crime, Drama",https://www.imdb.com/title/tt0110413/,An Italian hit man protects a New York orphan.,Luc Besson,"Jean Reno, Gary Oldman, Natalie Portman",1994,R,64.0,"$16,000,000 (estimated)",110,16.0,20.33,5.0,16.0
Spider-Man: Across the Spider-Verse,/title/tt9362722/,8.5,479710,"Animation, Action, Adventure",https://www.imdb.com/title/tt9362722/,"Traveling across the multiverse, Miles Morales meets a new team of Spider-People, made up of heroes from different dimensions. But when the heroes clash over how to deal with a new threat, Miles finds himself at a crossroads.",Joaquim Dos Santos,"Shameik Moore, Hailee Steinfeld, Brian Tyree Henry",2023,PG,86.0,"$100,000,000 (estimated)",140,100.0,690.82,106.0,164.0
Casablanca,/title/tt0034583/,8.5,639706,"Drama, Romance, War",https://www.imdb.com/title/tt0034583/,A cynical expatriate American cafe owner struggles to decide whether or not to help his former lover and her fugitive husband escape the Nazis in French Morocco.,Michael Curtiz,"Humphrey Bogart, Ingrid Bergman, Paul Henreid",1942,PG,100.0,"$950,000 (estimated)",102,0.95,4.73,18.0,12.0
Nuovo Cinema Paradiso,/title/tt0095765/,8.5,306462,"Drama, Romance",https://www.imdb.com/title/tt0095765/,"Salvatore, a famous film director, returns to his hometown for the funeral of the local theater&apos;s film projectionist, Alfredo. He reminisces about his life as a young boy falling in love with cinema.",Giuseppe Tornatore,"Philippe Noiret, Enzo Cannavale, Antonella Attili",1988,PG,80.0,"$5,000,000 (estimated)",174,5.0,13.5,25.0,33.0
Intouchables,/title/tt1675434/,8.5,993687,"Comedy, Drama",https://www.imdb.com/title/tt1675434/,"After he becomes a quadriplegic from a paragliding accident, an aristocrat hires a young man from the projects to be his caregiver.",Olivier Nakache,"François Cluzet, Omar Sy, Anne Le Ny",2011,R,57.0,"€9,500,000 (estimated)",112,9.5,426.59,38.0,40.0
The Usual Suspects,/title/tt0114814/,8.5,1205623,"Crime, Drama, Mystery",https://www.imdb.com/title/tt0114814/,The sole survivor of a pier shoot-out tells the story of how a notorious criminal influenced the events that began with five criminals meeting in a seemingly random police lineup.,Bryan Singer,"Kevin Spacey, Gabriel Byrne, Chazz Palminteri",1995,R,76.0,"$6,000,000 (estimated)",106,6.0,23.34,37.0,17.0
Alien,/title/tt0078748/,8.5,1032918,"Horror, Sci-Fi",https://www.imdb.com/title/tt0078748/,"After investigating a mysterious transmission of unknown origin, the crew of a commercial spacecraft encounters a deadly lifeform.",Ridley Scott,"Sigourney Weaver, Tom Skerritt, John Hurt",1979,R,89.0,"$11,000,000 (estimated)",117,11.0,109.1,19.0,22.0
Modern Times,/title/tt0027977/,8.5,276753,"Comedy, Drama, Romance",https://www.imdb.com/title/tt0027977/,The Tramp struggles to live in modern industrial society with the help of a young homeless woman.,Charles Chaplin,"Charles Chaplin, Paulette Goddard, Henry Bergman",1936,G,96.0,"$1,500,000 (estimated)",87,1.5,0.46,,
Rear Window,/title/tt0047396/,8.5,554428,"Drama, Mystery, Thriller",https://www.imdb.com/title/tt0047396/,A bored photographer recovering from a broken leg passes the time by watching his neighbors and begins to suspect one of them of murder.,Alfred Hitchcock,"James Stewart, Grace Kelly, Wendell Corey",1954,PG,100.0,"$1,000,000 (estimated)",112,1.0,37.91,7.0,14.0
Django Unchained,/title/tt1853728/,8.5,1821466,Western,https://www.imdb.com/title/tt1853728/,"With the help of a German bounty-hunter, a freed slave sets out to rescue his wife from a brutal plantation owner in Mississippi.",Quentin Tarantino,"Jamie Foxx, Christoph Waltz, Leonardo DiCaprio",2012,R,81.0,"$100,000,000 (estimated)",165,100.0,426.08,58.0,158.0
C&apos;era una volta il West,/title/tt0064116/,8.5,373669,"Drama, Western",https://www.imdb.com/title/tt0064116/,A mysterious stranger with a harmonica teams up with a notorious desperado to protect a beautiful widow and her land from a ruthless assassin in the employ of a railroad tycoon.,Sergio Leone,"Henry Fonda, Charles Bronson, Claudia Cardinale",1968,PG-13,82.0,"$5,000,000 (estimated)",166,5.0,5.44,6.0,5.0
City Lights,/title/tt0021749/,8.5,209585,"Comedy, Drama, Romance",https://www.imdb.com/title/tt0021749/,"With the aid of a wealthy erratic tippler, a dewy-eyed tramp who has fallen in love with a sightless flower girl accumulates money to be able to help her medically.",Charles Chaplin,"Charles Chaplin, Virginia Cherrill, Florence Lee",1931,G,99.0,"$1,500,000 (estimated)",87,1.5,0.06,,
Apocalypse Now,/title/tt0078788/,8.4,751406,"Drama, Mystery, War",https://www.imdb.com/title/tt0078788/,A U.S. Army officer serving in Vietnam is tasked with assassinating a renegade Special Forces Colonel who sees himself as a god.,Francis Ford Coppola,"Martin Sheen, Marlon Brando, Robert Duvall",1979,R,94.0,"$31,500,000 (estimated)",147,31.5,105.16,21.0,33.0
WALL·E,/title/tt0910970/,8.4,1280351,"Animation, Adventure, Family",https://www.imdb.com/title/tt0910970/,"A robot who is responsible for cleaning a waste-covered Earth meets another robot and falls in love with her. Together, they set out on a journey that will alter the fate of mankind.",Andrew Stanton,"Ben Burtt, Elissa Knight, Jeff Garlin",2008,G,95.0,"$180,000,000 (estimated)",98,180.0,527.4,96.0,95.0
Memento,/title/tt0209144/,8.4,1398229,"Drama, Mystery, Thriller",https://www.imdb.com/title/tt0209144/,A former insurance investigator who now suffers from anterograde amnesia uses notes and tattoos to hunt down his wife&apos;s murderer.,Christopher Nolan,"Guy Pearce, Carrie-Anne Moss, Joe Pantoliano",2000,R,83.0,"$9,000,000 (estimated)",113,9.0,40.06,57.0,59.0
Dune: Part Two,/title/tt15239678/,8.5,665169,"Action, Adventure, Drama",https://www.imdb.com/title/tt15239678/,"Paul Atreides unites with the Fremen while on a warpath of revenge against the conspirators who destroyed his family. Facing a choice between the love of his life and the fate of the universe, he endeavors to prevent a terrible fu...",Denis Villeneuve,"Timothée Chalamet, Zendaya, Rebecca Ferguson",2024,PG-13,79.0,"$190,000,000 (estimated)",166,190.0,714.84,116.0,372.0
Raiders of the Lost Ark,/title/tt0082971/,8.4,1087005,"Action, Adventure",https://www.imdb.com/title/tt0082971/,"In 1936, archaeologist Indiana Jones is tasked by Army Intelligence to help locate a legendary ancient power, the Ark of Covenant, before the Nazis get it first.",Steven Spielberg,"Harrison Ford, Karen Allen, Paul Freeman",1981,PG,86.0,"$18,000,000 (estimated)",115,18.0,389.93,41.0,24.0
Avengers: Infinity War,/title/tt4154756/,8.4,1317617,"Action, Adventure, Sci-Fi",https://www.imdb.com/title/tt4154756/,The Avengers and their allies must be willing to sacrifice all in an attempt to defeat the powerful Thanos before his blitz of devastation and ruin puts an end to the universe.,Anthony Russo,"Robert Downey Jr., Chris Hemsworth, Mark Ruffalo",2018,PG-13,68.0,"$321,000,000 (estimated)",149,321.0,2052.42,48.0,80.0
Das Leben der Anderen,/title/tt0405094/,8.4,432397,"Drama, Mystery, Thriller",https://www.imdb.com/title/tt0405094/,"In 1984 East Berlin, an agent of the secret police conducting surveillance on a writer and his lover finds himself becoming increasingly absorbed by their lives.",Florian Henckel von Donnersmarck,"Ulrich Mühe, Martina Gedeck, Sebastian Koch",2006,R,89.0,"$2,000,000 (estimated)",137,2.0,77.67,80.0,38.0
Sunset Blvd.,/title/tt0043014/,8.4,252415,"Drama, Film-Noir",https://www.imdb.com/title/tt0043014/,A screenwriter develops a dangerous relationship with a faded film star determined to make a triumphant return.,Billy Wilder,"William Holden, Gloria Swanson, Erich von Stroheim",1950,Approved,94.0,"$1,752,000 (estimated)",110,1.75,0.31,21.0,20.0
Spider-Man: Into the Spider-Verse,/title/tt4633694/,8.4,751148,"Animation, Action, Adventure",https://www.imdb.com/title/tt4633694/,Teen Miles Morales becomes the Spider-Man of his universe and must join with five spider-powered individuals from other dimensions to stop a threat for all realities.,Bob Persichetti,"Shameik Moore, Jake Johnson, Hailee Steinfeld",2018,PG,87.0,"$90,000,000 (estimated)",117,90.0,393.6,85.0,60.0
Witness for the Prosecution,/title/tt0051201/,8.4,153482,"Crime, Drama, Mystery",https://www.imdb.com/title/tt0051201/,A veteran British barrister must defend his client in a murder trial that has surprise after surprise.,Billy Wilder,"Tyrone Power, Marlene Dietrich, Charles Laughton",1957,Approved,76.0,"$3,000,000 (estimated)",116,3.0,0.01,3.0,15.0
Paths of Glory,/title/tt0050825/,8.4,230025,"Drama, War",https://www.imdb.com/title/tt0050825/,A colonel defends three of his soldiers in a court-martial after they abandon a suicidal attack.,Stanley Kubrick,"Kirk Douglas, Ralph Meeker, Adolphe Menjou",1957,Approved,90.0,"$935,000 (estimated)",88,0.94,0.01,5.0,3.0
The Shining,/title/tt0081505/,8.4,1184592,"Drama, Horror",https://www.imdb.com/title/tt0081505/,"A family heads to an isolated hotel for the winter, where a sinister presence influences the father into violence. At the same time, his psychic son sees horrifying forebodings from both the past and the future.",Stanley Kubrick,"Jack Nicholson, Shelley Duvall, Danny Lloyd",1980,R,68.0,"$19,000,000 (estimated)",146,19.0,47.97,6.0,9.0
The Great Dictator,/title/tt0032553/,8.4,251657,"Comedy, Drama, War",https://www.imdb.com/title/tt0032553/,Dictator Adenoid Hynkel tries to expand his empire while a poor Jewish barber tries to avoid persecution from Hynkel&apos;s regime.,Charles Chaplin,"Charles Chaplin, Paulette Goddard, Jack Oakie",1940,G,,"$2,000,000 (estimated)",125,2.0,0.97,7.0,6.0
Inglourious Basterds,/title/tt0361748/,8.4,1716331,"Adventure, Drama, War",https://www.imdb.com/title/tt0361748/,"In Nazi-occupied France during World War II, a plan to assassinate Nazi leaders by a group of Jewish U.S. soldiers coincides with a theatre owner&apos;s vengeful plans for the same.",Quentin Tarantino,"Brad Pitt, Diane Kruger, Eli Roth",2009,R,69.0,"$70,000,000 (estimated)",153,70.0,321.46,134.0,173.0
12th Fail,/title/tt23849204/,8.7,155910,"Biography, Drama",https://www.imdb.com/title/tt23849204/,The real-life story of IPS Officer Manoj Kumar Sharma and IRS Officer Shraddha Joshi.,Vidhu Vinod Chopra,"Vikrant Massey, Medha Shankr, Anant Joshi",2023,,,,147,,0.14,31.0,40.0
Aliens,/title/tt0090605/,8.4,819792,"Action, Adventure, Horror",https://www.imdb.com/title/tt0090605/,"Decades after surviving the Nostromo incident, Ellen Ripley is sent out to re-establish contact with a terraforming colony but finds herself battling the Alien Queen and her offspring.",James Cameron,"Sigourney Weaver, Michael Biehn, Carrie Henn",1986,R,84.0,"$18,500,000 (estimated)",137,18.5,131.06,20.0,25.0
The Dark Knight Rises,/title/tt1345836/,8.4,1941158,"Action, Crime, Drama",https://www.imdb.com/title/tt1345836/,"Bane, an imposing terrorist, attacks Gotham City and disrupts its eight-year-long period of peace. This forces Bruce Wayne to come out of hiding and don the cape and cowl of Batman again.",Christopher Nolan,"Christian Bale, Tom Hardy, Anne Hathaway",2012,PG-13,78.0,"$250,000,000 (estimated)",164,250.0,1115.05,45.0,103.0
Coco,/title/tt2380307/,8.4,667933,"Animation, Adventure, Drama",https://www.imdb.com/title/tt2380307/,"Aspiring musician Miguel, confronted with his family&apos;s ancestral ban on music, enters the Land of the Dead to find his great-great-grandfather, a legendary singer.",Lee Unkrich,"Anthony Gonzalez, Gael García Bernal, Benjamin Bratt",2017,PG,81.0,"$175,000,000 (estimated)",105,175.0,814.64,113.0,42.0
Amadeus,/title/tt0086879/,8.4,454549,"Biography, Drama, Music",https://www.imdb.com/title/tt0086879/,"The life and work of Wolfgang Amadeus Mozart seen through the eyes of his contemporary and rival, Antonio Salieri.",Milos Forman,"F. Murray Abraham, Tom Hulce, Elizabeth Berridge",1984,PG,87.0,"$18,000,000 (estimated)",160,18.0,52.27,43.0,15.0
Avengers: Endgame,/title/tt4154796/,8.4,1387709,"Action, Adventure, Sci-Fi",https://www.imdb.com/title/tt4154796/,"After the devastating events of Qasoskorlar: Abadiyat jangi (2018), the universe is in ruins. With the help of remaining allies, the Avengers assemble once more in order to reverse Thanos&apos; actions and restore balance to the universe.",Anthony Russo,"Robert Downey Jr., Chris Evans, Mark Ruffalo",2019,PG-13,78.0,"$356,000,000 (estimated)",181,356.0,2799.44,70.0,132.0
Good Will Hunting,/title/tt0119217/,8.3,1161349,"Drama, Romance",https://www.imdb.com/title/tt0119217/,"A therapist counsels Will Hunting, a janitor with a genius IQ.",Gus Van Sant,"Robin Williams, Matt Damon, Ben Affleck",1997,R,71.0,"$10,000,000 (estimated)",126,10.0,225.93,25.0,61.0
Toy Story,/title/tt0114709/,8.3,1140007,"Animation, Adventure, Comedy",https://www.imdb.com/title/tt0114709/,"A cowboy doll is profoundly jealous when a new spaceman action figure supplants him as the top toy in a boy&apos;s bedroom. When circumstances separate them from their owner, the duo have to put aside their differences to return to him.",John Lasseter,"Tom Hanks, Tim Allen, Don Rickles",1995,G,96.0,"$30,000,000 (estimated)",81,30.0,395.54,29.0,24.0
Tengoku to jigoku,/title/tt0057565/,8.4,63741,"Crime, Drama, Mystery",https://www.imdb.com/title/tt0057565/,An executive of a Yokohama shoe company becomes a victim of extortion when his chauffeur&apos;s son is kidnapped by mistake and held for ransom.,Akira Kurosawa,"Toshirô Mifune, Yutaka Sada, Tatsuya Nakadai",1963,Not Rated,90.0,"¥230,000,000 (estimated)",143,230.0,0.06,3.0,3.0
Oldeuboi,/title/tt0364569/,8.3,692896,"Action, Drama, Mystery",https://www.imdb.com/title/tt0364569/,"After being kidnapped and imprisoned for fifteen years, Oh Dae-Su is released, only to find that he must track down his captor in five days.",Park Chan-wook,"Choi Min-sik, Yoo Ji-tae, Kang Hye-jeong",2003,R,78.0,"$3,000,000 (estimated)",120,3.0,17.62,44.0,28.0
Dr. Strangelove or: How I Learned to Stop Worrying and Love the Bomb,/title/tt0057012/,8.3,543015,"Comedy, War",https://www.imdb.com/title/tt0057012/,"A mentally unstable American general orders a hydrogen bomb attack on the Soviet Union, triggering a path to global nuclear holocaust that a war room full of politicians and generals frantically tries to stop.",Stanley Kubrick,"Peter Sellers, George C. Scott, Sterling Hayden",1964,PG,97.0,"$1,800,000 (estimated)",95,1.8,9.67,14.0,11.0
Das Boot,/title/tt0082096/,8.4,282079,"Drama, War",https://www.imdb.com/title/tt0082096/,A German U-boat stalks the frigid waters of the North Atlantic as its young crew experience the sheer terror and claustrophobic life of a submariner in World War II.,Wolfgang Petersen,"Jürgen Prochnow, Herbert Grönemeyer, Klaus Wennemann",1981,,85.0,"DEM 32,000,000 (estimated)",149,32.0,11.49,15.0,12.0
Braveheart,/title/tt0112573/,8.3,1140425,"Biography, Drama, War",https://www.imdb.com/title/tt0112573/,Scottish warrior William Wallace leads his countrymen in a rebellion to free his homeland from the tyranny of King Edward I of England.,Mel Gibson,"Mel Gibson, Sophie Marceau, Patrick McGoohan",1995,R,68.0,"$72,000,000 (estimated)",178,72.0,213.22,34.0,34.0
Kimi no Na wa.,/title/tt5311514/,8.4,369514,"Animation, Drama, Fantasy",https://www.imdb.com/title/tt5311514/,"Two teenagers share a profound, magical connection upon discovering they are swapping bodies. Things manage to become even more complicated when the boy and girl decide to meet in person.",Makoto Shinkai,"Ryûnosuke Kamiki, Mone Kamishiraishi, Ryo Narita",2016,,81.0,"¥370,000,000 (estimated)",106,370.0,405.35,17.0,27.0
Mononoke-hime,/title/tt0119698/,8.3,468389,"Animation, Adventure, Fantasy",https://www.imdb.com/title/tt0119698/,"While seeking to cure himself of a curse, young warrior Ashitaka stumbles into a conflict between the people of Iron Town and Princess Mononoke, a girl raised by wolves, who will stop at nothing to prevent the destruction of her h...",Hayao Miyazaki,"Yôji Matsuda, Yuriko Ishida, Yûko Tanaka",1997,PG-13,78.0,"¥2,400,000,000 (estimated)",133,2400.0,21.6,14.0,6.0
American Beauty,/title/tt0169547/,8.3,1260181,Drama,https://www.imdb.com/title/tt0169547/,A sexually frustrated suburban father has a mid-life crisis after becoming infatuated with his daughter&apos;s best friend.,Sam Mendes,"Kevin Spacey, Annette Bening, Thora Birch",1999,R,84.0,"$15,000,000 (estimated)",122,15.0,356.3,112.0,102.0
3 Idiots,/title/tt1187043/,8.4,467336,"Comedy, Drama",https://www.imdb.com/title/tt1187043/,"Two friends are searching for their long lost companion. They revisit their college days and recall the memories of their friend who inspired them to think differently, even as the rest of the world called them &quot;idiots&quot;.",Rajkumar Hirani,"Aamir Khan, Madhavan, Mona Singh",2009,PG-13,67.0,"₹550,000,000 (estimated)",170,550.0,60.26,64.0,30.0
Joker,/title/tt7286456/,8.3,1639492,"Crime, Drama, Thriller",https://www.imdb.com/title/tt7286456/,"Arthur Fleck, a party clown and a failed stand-up comedian, leads an impoverished life with his ailing mother. However, when society shuns him and brands him as a freak, he decides to embrace the life of chaos in Gotham City.",Todd Phillips,"Joaquin Phoenix, Robert De Niro, Zazie Beetz",2019,R,59.0,"$55,000,000 (estimated)",122,55.0,1078.96,120.0,246.0
Capharnaüm,/title/tt8267604/,8.4,118942,Drama,https://www.imdb.com/title/tt8267604/,"While serving a five-year sentence for a violent crime, a 12-year-old boy sues his parents for neglect.",Nadine Labaki,"Zain Al Rafeea, Yordanos Shiferaw, Boluwatife Treasure Bankole",2018,R,75.0,"$4,000,000 (estimated)",126,4.0,64.42,37.0,55.0
Once Upon a Time in America,/title/tt0087843/,8.3,399840,"Crime, Drama",https://www.imdb.com/title/tt0087843/,"A former Prohibition-era Jewish gangster returns to the Lower East Side of Manhattan 35 years later, where he must once again confront the ghosts and regrets of his old life.",Sergio Leone,"Robert De Niro, James Woods, Elizabeth McGovern",1984,R,75.0,"$30,000,000 (estimated)",229,30.0,5.48,11.0,13.0
Singin&apos; in the Rain,/title/tt0045152/,8.3,275963,"Comedy, Musical, Romance",https://www.imdb.com/title/tt0045152/,A silent film star falls for a chorus girl just as he and his delusionally jealous screen partner are trying to make the difficult transition to talking pictures in 1920s Hollywood.,Stanley Donen,"Gene Kelly, Donald O&apos;Connor, Debbie Reynolds",1952,G,99.0,"$2,540,800 (estimated)",103,2.54,2.1,11.0,11.0
Idi i smotri,/title/tt0091251/,8.3,115977,"Drama, Thriller, War",https://www.imdb.com/title/tt0091251/,"After finding an old rifle, a young boy joins the Soviet resistance movement against ruthless German forces and experiences the horrors of World War II.",Elem Klimov,"Aleksey Kravchenko, Olga Mironova, Liubomiras Laucevicius",1985,Not Rated,,,142,,20.93,,
Requiem for a Dream,/title/tt0180093/,8.3,950908,Drama,https://www.imdb.com/title/tt0180093/,The drug-induced utopias of four Coney Island people are shattered when their addictions run deep.,Darren Aronofsky,"Ellen Burstyn, Jared Leto, Jennifer Connelly",2000,NC-17,71.0,"$4,500,000 (estimated)",102,4.5,7.39,37.0,69.0
Star Wars: Episode VI - Return of the Jedi,/title/tt0086190/,8.3,1180937,"Action, Adventure, Fantasy",https://www.imdb.com/title/tt0086190/,"After rescuing Han Solo from Jabba the Hutt, the Rebel Alliance attempts to destroy the second Death Star while Luke struggles to help Darth Vader back from the dark side.",Richard Marquand,"Mark Hamill, Harrison Ford, Carrie Fisher",1983,PG,58.0,"$32,500,000 (estimated)",131,32.5,482.47,25.0,23.0
Toy Story 3,/title/tt0435761/,8.3,944689,"Animation, Adventure, Comedy",https://www.imdb.com/title/tt0435761/,"The toys are mistakenly delivered to a day-care center instead of the attic right before Andy leaves for college, and it&apos;s up to Woody to convince the other toys that they weren&apos;t abandoned and to return home.",Lee Unkrich,"Tom Hanks, Tim Allen, Joan Cusack",2010,G,92.0,"$200,000,000 (estimated)",103,200.0,1067.32,63.0,96.0
Jagten,/title/tt2106476/,8.3,395421,Drama,https://www.imdb.com/title/tt2106476/,"A teacher lives a lonely life, all the while struggling over his son&apos;s custody. His life slowly gets better as he finds love and receives good news from his son, but his new luck is about to be brutally shattered by an innocent li...",Thomas Vinterberg,"Mads Mikkelsen, Thomas Bo Larsen, Annika Wedderkopp",2012,R,77.0,"DKK 20,000,000 (estimated)",115,20.0,15.89,38.0,74.0
Ikiru,/title/tt0044741/,8.3,98782,Drama,https://www.imdb.com/title/tt0044741/,A bureaucrat tries to find meaning in his life after he discovers he has terminal cancer.,Akira Kurosawa,"Takashi Shimura, Nobuo Kaneko, Shin&apos;ichi Himori",1952,Not Rated,92.0,,143,,0.11,6.0,2.0
Eternal Sunshine of the Spotless Mind,/title/tt0338013/,8.3,1152425,"Drama, Romance, Sci-Fi",https://www.imdb.com/title/tt0338013/,"When their relationship turns sour, a couple undergoes a medical procedure to have each other erased from their memories forever.",Michel Gondry,"Jim Carrey, Kate Winslet, Tom Wilkinson",2004,R,89.0,"$20,000,000 (estimated)",108,20.0,73.06,73.0,111.0
Incendies,/title/tt1255953/,8.3,236166,"Drama, Mystery, War",https://www.imdb.com/title/tt1255953/,Twins journey to the Middle East to discover their family history and fulfill their mother&apos;s last wishes.,Denis Villeneuve,"Lubna Azabal, Mélissa Désormeaux-Poulin, Maxim Gaudette",2010,R,80.0,"$6,800,000 (estimated)",131,6.8,6.8,41.0,20.0
The Apartment,/title/tt0053604/,8.3,212277,"Comedy, Drama, Romance",https://www.imdb.com/title/tt0053604/,"A Manhattan insurance clerk tries to rise in his company by letting its executives use his apartment for trysts, but office politics and his own romantic hopes complicate matters.",Billy Wilder,"Jack Lemmon, Shirley MacLaine, Fred MacMurray",1960,Approved,94.0,"$3,000,000 (estimated)",125,3.0,18.78,25.0,8.0
Lawrence of Arabia,/title/tt0056172/,8.3,333440,"Adventure, Biography, Drama",https://www.imdb.com/title/tt0056172/,"The story of T.E. Lawrence, the English officer who successfully united and led the diverse, often warring, Arab tribes during World War I in order to fight the Turks.",David Lean,"Peter O&apos;Toole, Alec Guinness, Anthony Quinn",1962,PG,100.0,"$15,000,000 (estimated)",227,15.0,45.99,31.0,14.0
2001: A Space Odyssey,/title/tt0062622/,8.3,763573,"Adventure, Sci-Fi",https://www.imdb.com/title/tt0062622/,"When a mysterious artifact is uncovered on the Moon, a spacecraft manned by two humans and one supercomputer is sent to Jupiter to find its origins.",Stanley Kubrick,"Keir Dullea, Gary Lockwood, William Sylvester",1968,G,84.0,"$12,000,000 (estimated)",149,12.0,67.92,18.0,14.0
Reservoir Dogs,/title/tt0105236/,8.3,1145790,"Crime, Thriller",https://www.imdb.com/title/tt0105236/,"When a simple jewelry heist goes horribly wrong, the surviving criminals begin to suspect that one of them is a police informant.",Quentin Tarantino,"Harvey Keitel, Tim Roth, Michael Madsen",1992,R,81.0,"$1,200,000 (estimated)",99,1.2,2.94,13.0,23.0
Scarface,/title/tt0086250/,8.3,984310,"Crime, Drama",https://www.imdb.com/title/tt0086250/,"In the 1980s, a determined criminal-minded Cuban immigrant becomes the biggest drug smuggler in Miami, and is eventually undone by his own drug addiction.",Brian De Palma,"Al Pacino, Michelle Pfeiffer, Steven Bauer",1983,R,65.0,"$50,000,000 (estimated)",170,50.0,66.44,,
Heat,/title/tt0113277/,8.3,773149,"Action, Crime, Drama",https://www.imdb.com/title/tt0113277/,A group of high-end professional thieves start to feel the heat from the LAPD when they unknowingly leave a verbal clue at their latest heist.,Michael Mann,"Al Pacino, Robert De Niro, Val Kilmer",1995,R,76.0,"$60,000,000 (estimated)",170,60.0,187.44,,
Double Indemnity,/title/tt0036775/,8.3,176869,"Crime, Drama, Film-Noir",https://www.imdb.com/title/tt0036775/,"An insurance representative is seduced by a dissatisfied housewife into a scheme of insurance fraud and murder that arouses the suspicion of his colleague, a claims investigator.",Billy Wilder,"Fred MacMurray, Barbara Stanwyck, Edward G. Robinson",1944,Approved,95.0,"$927,262 (estimated)",107,0.93,0.02,5.0,9.0
North by Northwest,/title/tt0053125/,8.3,363786,"Adventure, Drama, Mystery",https://www.imdb.com/title/tt0053125/,"A New York City advertising executive goes on the run after being mistaken for a government agent by a group of foreign spies, and falls for a woman whose loyalties he begins to doubt.",Alfred Hitchcock,"Cary Grant, Eva Marie Saint, James Mason",1959,Approved,98.0,"$3,101,000 (estimated)",136,3.1,0.2,9.0,7.0
Up,/title/tt1049413/,8.3,1200747,"Animation, Adventure, Comedy",https://www.imdb.com/title/tt1049413/,"78-year-old Carl Fredricksen travels to South America in his house equipped with balloons, inadvertently taking a young stowaway.",Pete Docter,"Edward Asner, Jordan Nagai, John Ratzenberger",2009,PG,88.0,"$175,000,000 (estimated)",96,175.0,735.1,81.0,88.0
M - Eine Stadt sucht einen Mörder,/title/tt0022100/,8.3,179136,"Crime, Mystery, Thriller",https://www.imdb.com/title/tt0022100/,"When the police in a German city are unable to catch a child-murderer, other criminals join in the manhunt.",Fritz Lang,"Peter Lorre, Ellen Widmann, Inge Landgut",1931,Passed,,,117,,0.04,,
Citizen Kane,/title/tt0033467/,8.2,486071,"Drama, Mystery",https://www.imdb.com/title/tt0033467/,"Following the death of publishing tycoon Charles Foster Kane, reporters scramble to uncover the meaning of his final utterance: &apos;Rosebud.&apos;",Orson Welles,"Orson Welles, Joseph Cotten, Dorothy Comingore",1941,PG,100.0,"$839,727 (estimated)",119,0.84,1.71,16.0,13.0
Full Metal Jacket,/title/tt0093058/,8.2,832430,"Drama, War",https://www.imdb.com/title/tt0093058/,A pragmatic U.S. Marine observes the dehumanizing effects the Vietnam War has on his fellow recruits from their brutal boot camp training to the bloody street fighting in Hue.,Stanley Kubrick,"Matthew Modine, R. Lee Ermey, Vincent D&apos;Onofrio",1987,R,78.0,"$30,000,000 (estimated)",116,30.0,50.88,8.0,15.0
Vertigo,/title/tt0052357/,8.2,450467,"Mystery, Romance, Thriller",https://www.imdb.com/title/tt0052357/,"A former San Francisco police detective juggles wrestling with his personal demons and becoming obsessed with the hauntingly beautiful woman he has been hired to trail, who may be deeply disturbed.",Alfred Hitchcock,"James Stewart, Kim Novak, Barbara Bel Geddes",1958,PG,100.0,"$2,479,000 (estimated)",128,2.48,7.97,9.0,8.0
Le fabuleux destin d&apos;Amélie Poulain,/title/tt0211915/,8.3,825593,"Comedy, Romance",https://www.imdb.com/title/tt0211915/,"Despite being caught in her imaginative world, young waitress Amelie decides to help people find happiness. Her quest to spread joy leads her on a journey during which she finds true love.",Jean-Pierre Jeunet,"Audrey Tautou, Mathieu Kassovitz, Rufus",2001,R,70.0,"$10,000,000 (estimated)",122,10.0,175.43,59.0,74.0
Taare Zameen Par,/title/tt0986264/,8.3,224156,"Drama, Family",https://www.imdb.com/title/tt0986264/,A young boy is thought to be nothing but a lazy troublemaker until the new art teacher has the patience and compassion to discover the real problem behind his struggles in school.,Aamir Khan,"Darsheel Safary, Aamir Khan, Tisca Chopra",2007,PG,,,162,,21.9,28.0,18.0
Jodaeiye Nader az Simin,/title/tt1832382/,8.3,272586,Drama,https://www.imdb.com/title/tt1832382/,A married couple are faced with a difficult decision - to improve the life of their child by moving to another country or to stay in Iran and look after a deteriorating parent who has Alzheimer&apos;s disease.,Asghar Farhadi,"Payman Maadi, Leila Hatami, Sareh Bayat",2011,PG-13,95.0,"$500,000 (estimated)",123,0.5,22.93,89.0,52.0
To Kill a Mockingbird,/title/tt0056592/,8.3,346185,"Crime, Drama",https://www.imdb.com/title/tt0056592/,A widowed lawyer in Depression-era Alabama defends a black man against a false rape charge while teaching his young children about the sad reality of prejudice.,Robert Mulligan,"Gregory Peck, John Megna, Frank Overton",1962,Approved,88.0,"$2,000,000 (estimated)",129,2.0,0.6,14.0,16.0
Die Hard,/title/tt0095016/,8.2,1000827,"Action, Thriller",https://www.imdb.com/title/tt0095016/,"A New York City cop, John McClane, tries to save his estranged wife and several others taken hostage by terrorists during a Christmas Eve party at the Nakatomi Plaza Skyscraper in Los Angeles, California.",John McTiernan,"Bruce Willis, Alan Rickman, Bonnie Bedelia",1988,R,72.0,"$28,000,000 (estimated)",132,28.0,143.65,8.0,8.0
Indiana Jones and the Last Crusade,/title/tt0097576/,8.2,847635,"Action, Adventure",https://www.imdb.com/title/tt0097576/,"In 1938, after his father goes missing while pursuing the Holy Grail, Indiana Jones finds himself up against the Nazis again to stop them from obtaining its powers.",Steven Spielberg,"Harrison Ford, Sean Connery, Alison Doody",1989,PG-13,65.0,"$48,000,000 (estimated)",127,48.0,474.17,9.0,24.0
The Sting,/title/tt0070735/,8.2,293250,"Comedy, Crime, Drama",https://www.imdb.com/title/tt0070735/,Two grifters team up to pull off the ultimate con.,George Roy Hill,"Paul Newman, Robert Redford, Robert Shaw",1973,PG,83.0,"$5,500,000 (estimated)",129,5.5,156.0,18.0,6.0
A Clockwork Orange,/title/tt0066921/,8.2,920336,"Crime, Sci-Fi",https://www.imdb.com/title/tt0066921/,Alex DeLarge and his droogs barbarize a decaying near-future.,Stanley Kubrick,"Malcolm McDowell, Patrick Magee, Michael Bates",1971,R,77.0,"$2,200,000 (estimated)",136,2.2,27.04,12.0,26.0
Metropolis,/title/tt0017136/,8.3,196764,"Drama, Sci-Fi",https://www.imdb.com/title/tt0017136/,"In a futuristic city sharply divided between the working class and the city planners, the son of the city&apos;s mastermind falls in love with a working-class prophet who predicts the coming of a savior to mediate their differences.",Fritz Lang,"Brigitte Helm, Alfred Abel, Gustav Fröhlich",1927,Not Rated,98.0,"DEM 6,000,000 (estimated)",153,6.0,1.35,7.0,6.0
Snatch,/title/tt0208092/,8.2,956379,"Comedy, Crime",https://www.imdb.com/title/tt0208092/,"Unscrupulous boxing promoters, violent bookmakers, a Russian gangster, incompetent amateur robbers and supposedly Jewish jewelers fight to track down a priceless stolen diamond.",Guy Ritchie,"Jason Statham, Brad Pitt, Stephen Graham",2000,R,55.0,"£6,000,000 (estimated)",104,6.0,83.56,4.0,7.0
Oppenheimer,/title/tt15398776/,8.3,937098,"Biography, Drama, History",https://www.imdb.com/title/tt15398776/,"A dramatization of the life story of J. Robert Oppenheimer, the physicist who had a large hand in the development of the atomic bombs that brought an end to World War II.",Christopher Nolan,"Cillian Murphy, Emily Blunt, Matt Damon",2023,R,90.0,"$100,000,000 (estimated)",180,100.0,975.81,364.0,373.0
1917,/title/tt8579674/,8.2,742917,"Action, Drama, War",https://www.imdb.com/title/tt8579674/,"April 6th, 1917. As an infantry battalion assembles to wage war deep in enemy territory, two soldiers are assigned to race against time and deliver a message that will stop 1,600 men from walking straight into a deadly trap.",Sam Mendes,"Dean-Charles Chapman, George MacKay, Daniel Mays",2019,R,78.0,"$95,000,000 (estimated)",119,95.0,446.06,135.0,200.0
L.A. Confidential,/title/tt0119488/,8.2,647587,"Crime, Drama, Mystery",https://www.imdb.com/title/tt0119488/,"As corruption grows in 1950s Los Angeles, three policemen - one strait-laced, one brutal, and one sleazy - investigate a series of murders with their own brand of justice.",Curtis Hanson,"Kevin Spacey, Russell Crowe, Guy Pearce",1997,R,91.0,"$35,000,000 (estimated)",138,35.0,126.22,91.0,86.0
Der Untergang,/title/tt0363163/,8.2,392814,"Biography, Drama, History",https://www.imdb.com/title/tt0363163/,"Traudl Junge, the final secretary for Adolf Hitler, tells of the Nazi dictator&apos;s final days in his Berlin bunker at the end of WWII.",Oliver Hirschbiegel,"Bruno Ganz, Alexandra Maria Lara, Ulrich Matthes",2004,R,82.0,"€13,500,000 (estimated)",156,13.5,92.18,22.0,34.0
Ladri di biciclette,/title/tt0040522/,8.2,188264,Drama,https://www.imdb.com/title/tt0040522/,"In post-war Italy, a working-class man&apos;s bicycle is stolen, endangering his efforts to find work. He and his son set out to find it.",Vittorio De Sica,"Lamberto Maggiorani, Enzo Staiola, Lianella Carell",1948,Not Rated,,"$133,000 (estimated)",89,0.13,0.45,,
Dangal,/title/tt5074352/,8.3,231987,"Action, Biography, Drama",https://www.imdb.com/title/tt5074352/,"Mahavir Singh Phogat, a former wrestler, decides to fulfill his dream of winning a gold medal for his country by training his daughters for the Commonwealth Games despite the existing social stigmas.",Nitesh Tiwari,"Aamir Khan, Sakshi Tanwar, Fatima Sana Shaikh",2016,Not Rated,,"₹700,000,000 (estimated)",161,700.0,303.73,41.0,38.0
The Wolf of Wall Street,/title/tt0993846/,8.2,1719322,"Biography, Comedy, Crime",https://www.imdb.com/title/tt0993846/,"Based on the true story of Jordan Belfort, from his rise to a wealthy stock-broker living the high life to his fall involving crime, corruption and the federal government.",Martin Scorsese,"Leonardo DiCaprio, Jonah Hill, Margot Robbie",2013,R,75.0,"$100,000,000 (estimated)",180,100.0,407.04,38.0,180.0
Green Book,/title/tt6966692/,8.2,653066,"Biography, Comedy, Drama",https://www.imdb.com/title/tt6966692/,A working-class Italian-American bouncer becomes the driver for an African-American classical pianist on a tour of venues through the 1960s American South.,Peter Farrelly,"Viggo Mortensen, Mahershala Ali, Linda Cardellini",2018,PG-13,69.0,"$23,000,000 (estimated)",130,23.0,321.75,58.0,123.0
The Truman Show,/title/tt0120382/,8.2,1314409,"Comedy, Drama",https://www.imdb.com/title/tt0120382/,An insurance salesman begins to suspect that his whole life is actually some sort of reality TV show.,Peter Weir,"Jim Carrey, Ed Harris, Laura Linney",1998,PG,90.0,"$60,000,000 (estimated)",103,60.0,264.12,41.0,69.0
Hamilton,/title/tt8503618/,8.3,132387,"Biography, Drama, History",https://www.imdb.com/title/tt8503618/,"The real life of one of America&apos;s foremost founding fathers and first Secretary of the Treasury, Alexander Hamilton. Captured live on Broadway from the Richard Rodgers Theater with the original Broadway cast.",Thomas Kail,"Lin-Manuel Miranda, Phillipa Soo, Leslie Odom Jr.",2020,PG-13,88.0,,169,,13.31,19.0,43.0
Hababam Sinifi: Sinifta Kaldi,/title/tt0252488/,8.6,28166,Comedy,https://www.imdb.com/title/tt0252488/,A young and beautiful female teacher starts working in an all boys high school.,Ertem Egilmez,"Münir Özkul, Tarik Akan, Kemal Sunal",1975,,,,95,,,,
Taxi Driver,/title/tt0075314/,8.2,995405,"Crime, Drama",https://www.imdb.com/title/tt0075314/,"A mentally unstable veteran works as a nighttime taxi driver in New York City, where the perceived decadence and sleaze fuels his urge for violent action.",Martin Scorsese,"Robert De Niro, Jodie Foster, Cybill Shepherd",1976,R,94.0,"$1,300,000 (estimated)",114,1.3,28.98,22.0,21.0
Batman Begins,/title/tt0372784/,8.2,1670106,"Action, Crime, Drama",https://www.imdb.com/title/tt0372784/,"After witnessing his parents&apos; death, billionaire Bruce Wayne learns the art of fighting to confront injustice. When he returns to Gotham as Batman, he must stop a secret society that intends to destroy the city.",Christopher Nolan,"Christian Bale, Michael Caine, Ken Watanabe",2005,PG-13,70.0,"$150,000,000 (estimated)",140,150.0,375.55,15.0,79.0
Per qualche dollaro in più,/title/tt0059578/,8.2,293106,"Drama, Western",https://www.imdb.com/title/tt0059578/,Two bounty killers with similar intentions but different motivations team up to take down a psychotic Mexican outlaw before he and his gang can carry out an audacious bank robbery.,Sergio Leone,"Clint Eastwood, Lee Van Cleef, Gian Maria Volontè",1965,R,74.0,"$600,000 (estimated)",132,0.6,15.0,,
Judgment at Nuremberg,/title/tt0055031/,8.3,93524,"Drama, History, War",https://www.imdb.com/title/tt0055031/,"Fictionalized depiction of the 1947 Judges&apos; Trial, the third of 12 trials of Nazi war criminals conducted by the American occupying forces in Nuremberg, Germany, in which former judges of Nazi Germany were tried for their actions.",Stanley Kramer,"Spencer Tracy, Burt Lancaster, Richard Widmark",1961,Approved,60.0,"$3,000,000 (estimated)",179,3.0,0.01,16.0,26.0
Shutter Island,/title/tt1130884/,8.2,1579895,"Drama, Mystery, Thriller",https://www.imdb.com/title/tt1130884/,Two US marshals are sent to a mental institution on an inhospitable island in order to investigate the disappearance of a patient.,Martin Scorsese,"Leonardo DiCaprio, Emily Mortimer, Mark Ruffalo",2010,R,63.0,"$80,000,000 (estimated)",138,80.0,294.98,11.0,66.0
Some Like It Hot,/title/tt0053291/,8.2,298810,"Comedy, Music, Romance",https://www.imdb.com/title/tt0053291/,"After two male musicians witness a mob hit, they flee the state in an all-female band disguised as women, but further complications set in.",Billy Wilder,"Marilyn Monroe, Tony Curtis, Jack Lemmon",1959,Approved,98.0,"$2,883,848 (estimated)",121,2.88,0.21,11.0,13.0
Jurassic Park,/title/tt0107290/,8.2,1144018,"Action, Adventure, Sci-Fi",https://www.imdb.com/title/tt0107290/,"An industrialist invites some experts to visit his theme park of cloned dinosaurs. After a power failure, the creatures run loose, putting everyone&apos;s lives, including his grandchildren&apos;s, in danger.",Steven Spielberg,"Sam Neill, Laura Dern, Jeff Goldblum",1993,PG-13,68.0,"$63,000,000 (estimated)",127,63.0,1104.38,44.0,27.0
The Kid,/title/tt0012349/,8.2,142943,"Comedy, Drama, Family",https://www.imdb.com/title/tt0012349/,"The Tramp cares for an abandoned child, but events put their relationship in jeopardy.",Charles Chaplin,"Charles Chaplin, Edna Purviance, Jackie Coogan",1921,Passed,,"$250,000 (estimated)",68,0.25,0.05,,
The Father,/title/tt10272386/,8.2,219069,"Drama, Mystery",https://www.imdb.com/title/tt10272386/,"A man refuses all assistance from his daughter as he ages. When he tries to understand what is happening around him, he begins to doubt his loved ones, his own mind and even the fabric of his reality.",Florian Zeller,"Anthony Hopkins, Olivia Colman, Mark Gatiss",2020,PG-13,88.0,"$6,000,000 (estimated)",97,6.0,24.05,38.0,169.0
There Will Be Blood,/title/tt0469494/,8.2,682395,Drama,https://www.imdb.com/title/tt0469494/,"A story of family, religion, hatred, oil and madness, focusing on a turn-of-the-century prospector in the early days of the business.",Paul Thomas Anderson,"Daniel Day-Lewis, Paul Dano, Ciarán Hinds",2007,R,93.0,"$25,000,000 (estimated)",158,25.0,76.43,114.0,138.0
All About Eve,/title/tt0042192/,8.2,146494,Drama,https://www.imdb.com/title/tt0042192/,A seemingly timid but secretly ruthless ingénue insinuates herself into the lives of an aging Broadway star and her circle of theater friends.,Joseph L. Mankiewicz,"Bette Davis, Anne Baxter, George Sanders",1950,Approved,98.0,"$1,400,000 (estimated)",138,1.4,0.16,27.0,22.0
The Sixth Sense,/title/tt0167404/,8.2,1113925,"Drama, Mystery, Thriller",https://www.imdb.com/title/tt0167404/,"After being shot by a resentful former patient whom he failed to help, a Philadelphia child psychologist seeks redemption by treating a young boy with a disturbing secret.",M. Night Shyamalan,"Bruce Willis, Haley Joel Osment, Toni Collette",1999,PG-13,64.0,"$40,000,000 (estimated)",107,40.0,672.81,37.0,56.0
Ran,/title/tt0089881/,8.2,146845,"Action, Drama, War",https://www.imdb.com/title/tt0089881/,"In Medieval Japan, an elderly warlord retires, handing over his empire to his three sons. However, he vastly underestimates how the new-found power will corrupt them and cause them to turn on each other...and him.",Akira Kurosawa,"Tatsuya Nakadai, Akira Terao, Jinpachi Nezu",1985,R,97.0,"$11,500,000 (estimated)",160,11.5,4.39,30.0,23.0
Casino,/title/tt0112641/,8.2,601725,"Crime, Drama",https://www.imdb.com/title/tt0112641/,"In Las Vegas, two best friends--a casino executive and a Mafia enforcer--compete for a gambling empire and a fast-living, fast-loving socialite.",Martin Scorsese,"Robert De Niro, Sharon Stone, Joe Pesci",1995,R,73.0,"$52,000,000 (estimated)",178,52.0,116.11,4.0,11.0
Top Gun: Maverick,/title/tt1745960/,8.2,802884,"Action, Drama",https://www.imdb.com/title/tt1745960/,"The story involves Maverick confronting his past while training a group of younger Top Gun graduates, including the son of his deceased best friend, for a dangerous mission.",Joseph Kosinski,"Tom Cruise, Jennifer Connelly, Miles Teller",2022,PG-13,78.0,"$170,000,000 (estimated)",130,170.0,1495.7,111.0,235.0
No Country for Old Men,/title/tt0477348/,8.2,1146223,"Crime, Drama, Thriller",https://www.imdb.com/title/tt0477348/,Violence and mayhem ensue after a hunter stumbles upon the aftermath of a drug deal gone wrong and over two million dollars in cash near the Rio Grande.,Ethan Coen,"Tommy Lee Jones, Javier Bardem, Josh Brolin",2007,R,92.0,"$25,000,000 (estimated)",122,25.0,171.64,165.0,139.0
The Thing,/title/tt0084787/,8.2,507624,"Horror, Mystery, Sci-Fi",https://www.imdb.com/title/tt0084787/,A research team in Antarctica is hunted by a shape-shifting alien that assumes the appearance of its victims.,John Carpenter,"Kurt Russell, Wilford Brimley, Keith David",1982,R,57.0,"$15,000,000 (estimated)",109,15.0,20.85,,
Unforgiven,/title/tt0105695/,8.2,459565,"Drama, Western",https://www.imdb.com/title/tt0105695/,Retired Old West gunslinger Will Munny reluctantly takes on one last job to avenge an injustice with the help of his old partner and a young would-be gunman calling himself &quot;The Schofield Kid&quot;.,Clint Eastwood,"Clint Eastwood, Gene Hackman, Morgan Freeman",1992,R,85.0,"$14,400,000 (estimated)",130,14.4,159.17,52.0,47.0
El laberinto del fauno,/title/tt0457430/,8.2,731909,"Drama, Fantasy, War",https://www.imdb.com/title/tt0457430/,"In 1944 Spain, a girl is sent to live with her ruthless stepfather. During the night, she meets a fairy who takes her to an old faun. He tells her she&apos;s a princess, but must prove her royalty by surviving three gruesome tasks.",Guillermo del Toro,"Ivana Baquero, Ariadna Gil, Sergi López",2006,R,98.0,"$19,000,000 (estimated)",118,19.0,83.86,109.0,115.0
Kill Bill: Vol. 1,/title/tt0266697/,8.2,1267539,"Action, Crime, Thriller",https://www.imdb.com/title/tt0266697/,"After waking from a four-year coma, a former assassin wreaks vengeance on the team of assassins who betrayed her.",Quentin Tarantino,"Uma Thurman, David Carradine, Daryl Hannah",2003,R,69.0,"$30,000,000 (estimated)",111,30.0,180.91,30.0,103.0
A Beautiful Mind,/title/tt0268978/,8.2,1032821,"Biography, Drama, Mystery",https://www.imdb.com/title/tt0268978/,"A mathematical genius, John Nash made an astonishing discovery early in his career and stood on the brink of international acclaim. But the handsome and arrogant Nash soon found himself on a harrowing journey of self-discovery.",Ron Howard,"Russell Crowe, Ed Harris, Jennifer Connelly",2001,PG-13,72.0,"$58,000,000 (estimated)",135,58.0,316.79,37.0,69.0
Prisoners,/title/tt1392214/,8.2,893460,"Crime, Drama, Mystery",https://www.imdb.com/title/tt1392214/,A desperate father takes the law into his own hands after police fail to find two kidnapped girls.,Denis Villeneuve,"Hugh Jackman, Jake Gyllenhaal, Viola Davis",2013,R,70.0,"$46,000,000 (estimated)",153,46.0,122.13,10.0,38.0
The Treasure of the Sierra Madre,/title/tt0040897/,8.2,138929,"Adventure, Drama, Western",https://www.imdb.com/title/tt0040897/,Two down-on-their-luck Americans searching for work in 1920s Mexico convince an old prospector to help them mine for gold in the Sierra Madre Mountains.,John Huston,"Humphrey Bogart, Walter Huston, Tim Holt",1948,Approved,98.0,"$3,000,000 (estimated)",126,3.0,5.01,18.0,5.0
Finding Nemo,/title/tt0266543/,8.2,1176200,"Animation, Adventure, Comedy",https://www.imdb.com/title/tt0266543/,"After his son is captured in the Great Barrier Reef and taken to Sydney, a timid clownfish sets out on a journey to bring him home.",Andrew Stanton,"Albert Brooks, Ellen DeGeneres, Alexander Gould",2003,G,90.0,"$94,000,000 (estimated)",100,94.0,941.64,49.0,63.0
Hauru no ugoku shiro,/title/tt0347149/,8.2,493438,"Animation, Adventure, Family",https://www.imdb.com/title/tt0347149/,"When an unconfident young woman is cursed with an old body by a spiteful witch, her only chance of breaking the spell lies with a self-indulgent yet insecure young wizard and his companions in his legged, walking castle.",Hayao Miyazaki,"Chieko Baishô, Takuya Kimura, Tatsuya Gashûin",2004,PG,82.0,"$24,000,000 (estimated)",119,24.0,241.29,14.0,20.0
Yôjinbô,/title/tt0055630/,8.2,139824,"Action, Drama, Thriller",https://www.imdb.com/title/tt0055630/,A crafty ronin comes to a town divided by two criminal gangs and decides to play them against each other to free the town.,Akira Kurosawa,"Toshirô Mifune, Eijirô Tôno, Tatsuya Nakadai",1961,Not Rated,93.0,,110,,0.07,5.0,2.0
La meglio gioventù,/title/tt0346336/,8.4,26248,"Drama, Romance",https://www.imdb.com/title/tt0346336/,An Italian epic that follows the lives of two brothers from the 1960s to the 2000s.,Marco Tullio Giordana,"Luigi Lo Cascio, Alessio Boni, Jasmine Trinca",2003,R,89.0,,374,,2.8,33.0,25.0
The Great Escape,/title/tt0057115/,8.2,271946,"Adventure, Drama, Thriller",https://www.imdb.com/title/tt0057115/,Allied officers in a German prisoner of war camp during World War II make a daring plan for a mass escape by hundreds of POWs hoping to draw German personnel and resources away from combat operations.,John Sturges,"Steve McQueen, James Garner, Richard Attenborough",1963,Approved,86.0,"$4,000,000 (estimated)",172,4.0,0.23,3.0,12.0
Monty Python and the Holy Grail,/title/tt0071853/,8.2,593698,"Adventure, Comedy, Fantasy",https://www.imdb.com/title/tt0071853/,"King Arthur and his Knights of the Round Table embark on a surreal, low-budget search for the Holy Grail, encountering many, very silly obstacles.",Terry Gilliam,"Graham Chapman, John Cleese, Eric Idle",1975,PG,91.0,"£229,575 (estimated)",91,0.23,2.93,2.0,2.0
The Elephant Man,/title/tt0080678/,8.2,276274,"Biography, Drama",https://www.imdb.com/title/tt0080678/,"A Victorian surgeon rescues a heavily-disfigured and mistreated young man working as a sideshow freak, who gradually reveals his capacity for kindness, intelligence and sophistication.",David Lynch,"Anthony Hopkins, John Hurt, Anne Bancroft",1980,PG,78.0,"$5,000,000 (estimated)",124,5.0,26.03,11.0,22.0
Klaus,/title/tt4729430/,8.2,219582,"Animation, Adventure, Comedy",https://www.imdb.com/title/tt4729430/,"A simple act of kindness always sparks another, even in a frozen, faraway place. When Smeerensburg&apos;s new postman, Jesper, befriends toymaker Klaus, their gifts melt an age-old feud and deliver a sleigh full of holiday traditions.",Sergio Pablos,"Jason Schwartzman, J.K. Simmons, Rashida Jones",2019,PG,65.0,"$40,000,000 (estimated)",96,40.0,,12.0,26.0
Dial M for Murder,/title/tt0046912/,8.2,200410,"Crime, Drama, Mystery",https://www.imdb.com/title/tt0046912/,"A London playboy plots the perfect murder of his rich, unfaithful Wife.",Alfred Hitchcock,"Ray Milland, Grace Kelly, Robert Cummings",1954,PG,75.0,"$1,400,000 (estimated)",105,1.4,0.05,5.0,3.0
Gone with the Wind,/title/tt0031381/,8.2,350169,"Drama, Romance, War",https://www.imdb.com/title/tt0031381/,A sheltered and manipulative Southern belle and a roguish profiteer face off in a turbulent romance as the society around them crumbles with the end of slavery and is rebuilt during the Civil War and Reconstruction periods.,Victor Fleming,"Clark Gable, Vivien Leigh, Thomas Mitchell",1939,G,97.0,"$3,977,000 (estimated)",238,3.98,402.38,26.0,10.0
El secreto de sus ojos,/title/tt1305806/,8.2,236408,"Drama, Mystery, Romance",https://www.imdb.com/title/tt1305806/,"A retired legal counselor writes a novel hoping to find closure for one of his past unresolved homicide cases, and for his unreciprocated love with his superior--both of which still haunt him decades later.",Juan José Campanella,"Ricardo Darín, Soledad Villamil, Pablo Rago",2009,R,80.0,"$2,000,000 (estimated)",129,2.0,35.08,53.0,43.0
Chinatown,/title/tt0071315/,8.1,369488,"Drama, Mystery, Thriller",https://www.imdb.com/title/tt0071315/,"A private detective hired to expose an adulterer in 1930s Los Angeles finds himself caught up in a web of deceit, corruption, and murder.",Roman Polanski,"Jack Nicholson, Faye Dunaway, John Huston",1974,R,92.0,"$6,000,000 (estimated)",130,6.0,29.23,21.0,24.0
"Lock, Stock and Two Smoking Barrels",/title/tt0120735/,8.1,640417,"Comedy, Crime",https://www.imdb.com/title/tt0120735/,"When four small-time criminals lose a rigged poker game against a London kingpin, he gives them one week to settle their enormous debt.",Guy Ritchie,"Jason Flemyng, Dexter Fletcher, Nick Moran",1998,R,67.0,"£960,000 (estimated)",107,0.96,3.75,13.0,9.0
V for Vendetta,/title/tt0434409/,8.1,1225999,"Action, Drama, Sci-Fi",https://www.imdb.com/title/tt0434409/,"In a future British dystopian society, a shadowy freedom fighter, known only by the alias of &quot;V&quot;, plots to overthrow the tyrannical government - with the help of a young woman.",James McTeigue,"Hugo Weaving, Natalie Portman, Rupert Graves",2005,R,62.0,"$54,000,000 (estimated)",132,54.0,134.69,7.0,29.0
Rashômon,/title/tt0042876/,8.1,192097,"Crime, Drama, Mystery",https://www.imdb.com/title/tt0042876/,"The rape of a bride and the murder of her samurai husband are recalled from the perspectives of a bandit, the bride, the samurai&apos;s ghost and a woodcutter.",Akira Kurosawa,"Toshirô Mifune, Machiko Kyô, Masayuki Mori",1950,Not Rated,98.0,"$250,000 (estimated)",88,0.25,0.14,9.0,5.0
Inside Out,/title/tt2096673/,8.1,883948,"Animation, Adventure, Comedy",https://www.imdb.com/title/tt2096673/,"After young Riley is uprooted from her Midwest life and moved to San Francisco, her emotions, Joy, Fear, Anger, Disgust, and Sadness, conflict on how best to navigate a new city, house, and school.",Pete Docter,"Amy Poehler, Bill Hader, Lewis Black",2015,PG,94.0,"$175,000,000 (estimated)",95,175.0,859.08,99.0,118.0
"Three Billboards Outside Ebbing, Missouri",/title/tt5027774/,8.1,591054,"Comedy, Crime, Drama",https://www.imdb.com/title/tt5027774/,A mother personally challenges the local authorities to solve her daughter&apos;s murder when they fail to catch the culprit.,Martin McDonagh,"Frances McDormand, Woody Harrelson, Sam Rockwell",2017,R,88.0,"$15,000,000 (estimated)",115,15.0,162.73,132.0,233.0
Catch Me If You Can,/title/tt0264464/,8.1,1188028,"Biography, Crime, Drama",https://www.imdb.com/title/tt0264464/,"Barely 17 yet, Frank is a skilled forger who has passed as a doctor, lawyer and pilot. FBI agent Carl becomes obsessed with tracking down the con man, who only revels in the pursuit.",Steven Spielberg,"Leonardo DiCaprio, Tom Hanks, Christopher Walken",2002,PG-13,75.0,"$52,000,000 (estimated)",141,52.0,352.11,16.0,46.0
Trainspotting,/title/tt0117951/,8.1,756589,"Crime, Drama",https://www.imdb.com/title/tt0117951/,"Renton, deeply immersed in the Edinburgh drug scene, tries to clean up and get out despite the allure of drugs and the influence of friends.",Danny Boyle,"Ewan McGregor, Ewen Bremner, Jonny Lee Miller",1996,R,83.0,"£1,500,000 (estimated)",93,1.5,16.99,23.0,35.0
The Bridge on the River Kwai,/title/tt0050212/,8.1,244646,"Adventure, Drama, War",https://www.imdb.com/title/tt0050212/,"British POWs are forced to build a railway bridge across the river Kwai for their Japanese captors in occupied Burma, not knowing that the allied forces are planning a daring commando raid through the jungle to destroy it.",David Lean,"William Holden, Alec Guinness, Jack Hawkins",1957,PG,88.0,"$3,000,000 (estimated)",161,3.0,27.2,30.0,7.0
Raging Bull,/title/tt0081398/,8.1,400570,"Biography, Drama, Sport",https://www.imdb.com/title/tt0081398/,"The life of boxer Jake LaMotta, whose violence and temper that led him to the top in the ring destroyed his life outside of it.",Martin Scorsese,"Robert De Niro, Cathy Moriarty, Joe Pesci",1980,R,90.0,"$18,000,000 (estimated)",129,18.0,23.41,24.0,28.0
Harry Potter and the Deathly Hallows: Part 2,/title/tt1201607/,8.1,1013546,"Adventure, Family, Fantasy",https://www.imdb.com/title/tt1201607/,"As the battle between the forces of good and evil in the wizarding world escalates, Harry Potter draws ever closer to his final confrontation with Voldemort.",David Yates,"Daniel Radcliffe, Emma Watson, Rupert Grint",2011,PG-13,85.0,"$125,000,000 (estimated)",130,125.0,1342.51,49.0,96.0
Fargo,/title/tt0116282/,8.1,765126,"Crime, Drama, Thriller",https://www.imdb.com/title/tt0116282/,Minnesota car salesman Jerry Lundegaard&apos;s inept crime falls apart due to his and his henchmen&apos;s bungling and the persistent police work of the quite pregnant Marge Gunderson.,Joel Coen,"William H. Macy, Frances McDormand, Steve Buscemi",1996,R,88.0,"$7,000,000 (estimated)",98,7.0,60.61,84.0,58.0
The Wild Robot,/title/tt29623480/,8.2,196252,"Animation, Adventure, Family",https://www.imdb.com/title/tt29623480/,"After a shipwreck, an intelligent robot called Roz is stranded on an uninhabited island. To survive the harsh environment, Roz bonds with the island&apos;s animals and cares for an orphaned baby goose.",Chris Sanders,"Lupita Nyong&apos;o, Pedro Pascal, Kit Connor",2024,PG,85.0,"$78,000,000 (estimated)",102,78.0,334.54,93.0,106.0
Warrior,/title/tt1291584/,8.1,519772,"Action, Drama, Sport",https://www.imdb.com/title/tt1291584/,"The youngest son of an alcoholic former boxer returns home, where he&apos;s trained by his father for competition in a mixed martial arts tournament - a path that puts the fighter on a collision course with his estranged, older brother.",Gavin O&apos;Connor,"Tom Hardy, Nick Nolte, Joel Edgerton",2011,PG-13,71.0,"$25,000,000 (estimated)",140,25.0,23.31,6.0,22.0
Dead Poets Society,/title/tt0097165/,8.1,610453,"Comedy, Drama",https://www.imdb.com/title/tt0097165/,"Maverick teacher John Keating returns in 1959 to the prestigious New England boys&apos; boarding school where he was once a star student, using poetry to embolden his pupils to new heights of self-expression.",Peter Weir,"Robin Williams, Robert Sean Leonard, Ethan Hawke",1989,PG,79.0,"$16,400,000 (estimated)",128,16.4,235.86,20.0,19.0
Million Dollar Baby,/title/tt0405159/,8.1,753297,"Drama, Sport",https://www.imdb.com/title/tt0405159/,"Frankie, an ill-tempered old coach, reluctantly agrees to train aspiring boxer Maggie. Impressed with her determination and talent, he helps her become the best and the two soon form a close bond.",Clint Eastwood,"Hilary Swank, Clint Eastwood, Morgan Freeman",2004,PG-13,86.0,"$30,000,000 (estimated)",132,30.0,216.76,68.0,86.0
Gran Torino,/title/tt1205489/,8.1,847350,Drama,https://www.imdb.com/title/tt1205489/,"After a Hmong teenager tries to steal his prized 1972 Gran Torino, a disgruntled, prejudiced Korean War veteran seeks to redeem both the boy and himself.",Clint Eastwood,"Clint Eastwood, Bee Vang, Christopher Carley",2008,R,73.0,"$33,000,000 (estimated)",116,33.0,269.96,21.0,23.0
Ben-Hur,/title/tt0052618/,8.1,266206,"Adventure, Drama",https://www.imdb.com/title/tt0052618/,"A Jewish prince is betrayed and sent into slavery by a Roman friend in 1st-century Jerusalem, but it&apos;s not long before he regains his freedom and comes back for revenge.",William Wyler,"Charlton Heston, Jack Hawkins, Stephen Boyd",1959,G,90.0,"$15,000,000 (estimated)",212,15.0,74.44,29.0,13.0
Mad Max: Fury Road,/title/tt1392190/,8.1,1181057,"Action, Adventure, Sci-Fi",https://www.imdb.com/title/tt1392190/,"In a post-apocalyptic wasteland, a woman rebels against a tyrannical ruler in search for her homeland with the aid of a group of female prisoners, a psychotic worshipper and a drifter named Max.",George Miller,"Tom Hardy, Charlize Theron, Nicholas Hoult",2015,R,90.0,"$150,000,000 (estimated)",120,150.0,380.46,245.0,234.0
Barry Lyndon,/title/tt0072684/,8.1,197371,"Adventure, Drama, War",https://www.imdb.com/title/tt0072684/,An Irish rogue wins the heart of a rich widow and assumes her dead husband&apos;s aristocratic position in 18th-century England.,Stanley Kubrick,"Ryan O&apos;Neal, Marisa Berenson, Patrick Magee",1975,PG,89.0,"$11,000,000 (estimated)",185,11.0,0.57,17.0,14.0
Tonari no Totoro,/title/tt0096283/,8.1,416235,"Animation, Adventure, Comedy",https://www.imdb.com/title/tt0096283/,"When two girls move to the country to be near their ailing mother, they have adventures with the wondrous forest spirits who live nearby.",Hayao Miyazaki,"Hitoshi Takagi, Noriko Hidaka, Chika Sakamoto",1988,G,87.0,"$3,700,000 (estimated)",86,3.7,30.56,5.0,2.0
Bacheha-ye aseman,/title/tt0118849/,8.2,87441,"Drama, Family, Sport",https://www.imdb.com/title/tt0118849/,"After a boy loses his sister&apos;s pair of shoes, he goes on a series of adventures in order to find them. When he can&apos;t, he tries a new way to &quot;win&quot; a new pair.",Majid Majidi,"Reza Naji, Amir Farrokh Hashemian, Bahare Seddiqi",1997,PG,77.0,"$180,000 (estimated)",89,0.18,0.93,18.0,5.0
Hacksaw Ridge,/title/tt2119532/,8.1,652440,"Biography, Drama, History",https://www.imdb.com/title/tt2119532/,"World War II American Army Medic Desmond T. Doss, serving during the Battle of Okinawa, refuses to kill people and becomes the first man in American history to receive the Medal of Honor without firing a shot.",Mel Gibson,"Andrew Garfield, Sam Worthington, Luke Bracey",2016,R,71.0,"$40,000,000 (estimated)",139,40.0,180.56,57.0,115.0
The Grand Budapest Hotel,/title/tt2278388/,8.1,940558,"Comedy, Drama",https://www.imdb.com/title/tt2278388/,"A writer encounters the owner of an aging high-class hotel, who tells him of his early years serving as a lobby boy in the hotel&apos;s glorious years under an exceptional concierge.",Wes Anderson,"Ralph Fiennes, F. Murray Abraham, Mathieu Amalric",2014,R,88.0,"$25,000,000 (estimated)",99,25.0,174.57,135.0,227.0
12 Years a Slave,/title/tt2024544/,8.1,771824,"Biography, Drama, History",https://www.imdb.com/title/tt2024544/,"In the antebellum United States, Solomon Northup, a free black man from upstate New York, is abducted and sold into slavery.",Steve McQueen,"Chiwetel Ejiofor, Michael Kenneth Williams, Michael Fassbender",2013,R,96.0,"$20,000,000 (estimated)",134,20.0,187.73,244.0,338.0
Before Sunrise,/title/tt0112471/,8.1,365699,"Comedy, Drama, Romance",https://www.imdb.com/title/tt0112471/,"A young man and woman meet on a train in Europe, and wind up spending one evening together in Vienna. Unfortunately, both know that this will probably be their only night together.",Richard Linklater,"Ethan Hawke, Julie Delpy, Andrea Eckert",1995,R,79.0,"$2,500,000 (estimated)",101,2.5,6.57,,
Spider-Man: No Way Home,/title/tt10872600/,8.2,976563,"Action, Adventure, Fantasy",https://www.imdb.com/title/tt10872600/,"With Spider-Man&apos;s identity now revealed, Peter asks Doctor Strange for help. When a spell goes wrong, dangerous foes from other worlds start to appear.",Jon Watts,"Tom Holland, Zendaya, Benedict Cumberbatch",2021,PG-13,71.0,"$200,000,000 (estimated)",148,200.0,1921.43,35.0,71.0
Blade Runner,/title/tt0083658/,8.1,863579,"Action, Drama, Sci-Fi",https://www.imdb.com/title/tt0083658/,A blade runner must pursue and terminate four replicants who stole a ship in space and have returned to Earth to find their creator.,Ridley Scott,"Harrison Ford, Rutger Hauer, Sean Young",1982,R,84.0,"$28,000,000 (estimated)",117,28.0,41.77,13.0,22.0
Salinui chueok,/title/tt0353969/,8.1,250836,"Crime, Drama, Mystery",https://www.imdb.com/title/tt0353969/,"In a small Korean province in 1986, two detectives struggle with the case of multiple young women being found raped and murdered by an unknown culprit.",Bong Joon Ho,"Song Kang-ho, Kim Sang-kyung, Kim Roe-ha",2003,Not Rated,82.0,"$2,800,000 (estimated)",131,2.8,1.21,33.0,11.0
Gone Girl,/title/tt2267998/,8.1,1137430,"Drama, Mystery, Thriller",https://www.imdb.com/title/tt2267998/,The husband of a missing woman becomes the main suspect in her disappearance.,David Fincher,"Ben Affleck, Rosamund Pike, Neil Patrick Harris",2014,R,79.0,"$61,000,000 (estimated)",149,61.0,370.89,64.0,189.0
Ratatouille,/title/tt0382932/,8.1,905611,"Animation, Adventure, Comedy",https://www.imdb.com/title/tt0382932/,A rat who can cook makes an unusual alliance with a young kitchen worker at a famous Paris restaurant.,Brad Bird,"Brad Garrett, Lou Romano, Patton Oswalt",2007,G,96.0,"$150,000,000 (estimated)",111,150.0,623.74,68.0,42.0
How to Train Your Dragon,/title/tt0892769/,8.1,866075,"Animation, Action, Adventure",https://www.imdb.com/title/tt0892769/,"A hapless young Viking who aspires to hunt dragons becomes the unlikely friend of a young dragon himself, and learns there may be more to the creatures than he assumed.",Dean DeBlois,"Jay Baruchel, Gerard Butler, Christopher Mintz-Plasse",2010,PG,75.0,"$165,000,000 (estimated)",98,165.0,494.88,25.0,63.0
"Monsters, Inc.",/title/tt0198781/,8.1,1043834,"Animation, Adventure, Comedy",https://www.imdb.com/title/tt0198781/,"In order to power the city, monsters have to scare children so that they scream. However, the children are toxic to the monsters, and after a child gets through, two monsters realize things may not be what they think.",Pete Docter,"Billy Crystal, John Goodman, Mary Gibbs",2001,G,79.0,"$115,000,000 (estimated)",92,115.0,579.77,15.0,38.0
Jaws,/title/tt0073195/,8.1,715893,"Adventure, Horror, Thriller",https://www.imdb.com/title/tt0073195/,"When a massive killer shark unleashes chaos on a beach community off Long Island, it&apos;s up to the local police chief, a marine biologist, and an old seafarer to hunt the beast down.",Steven Spielberg,"Roy Scheider, Robert Shaw, Richard Dreyfuss",1975,PG,87.0,"$7,000,000 (estimated)",124,7.0,490.68,16.0,20.0
In the Name of the Father,/title/tt0107207/,8.1,198593,"Biography, Crime, Drama",https://www.imdb.com/title/tt0107207/,"An Irish man&apos;s coerced confession to an I.R.A. bombing he did not commit results in the imprisonment of his father as well. Meanwhile, a British lawyer fights to clear their names and free them.",Jim Sheridan,"Daniel Day-Lewis, Pete Postlethwaite, Alison Crosbie",1993,R,84.0,"$13,000,000 (estimated)",133,13.0,65.8,7.0,41.0
Relatos salvajes,/title/tt3011894/,8.1,232257,"Comedy, Drama, Thriller",https://www.imdb.com/title/tt3011894/,Six short stories that explore the extremities of human behavior involving people in distress.,Damián Szifron,"Darío Grandinetti, María Marull, Mónica Villa",2014,R,77.0,"$3,300,000 (estimated)",122,3.3,31.48,51.0,58.0
The Gold Rush,/title/tt0015864/,8.1,125799,"Adventure, Comedy, Drama",https://www.imdb.com/title/tt0015864/,"A prospector goes to the Klondike during the 1890s gold rush in hopes of making his fortune, and is smitten with a girl he sees in a dance hall.",Charles Chaplin,"Charles Chaplin, Mack Swain, Tom Murray",1925,Approved,90.0,"$923,000 (estimated)",95,0.92,0.08,7.0,3.0
Ford v Ferrari,/title/tt1950186/,8.1,541700,"Action, Biography, Drama",https://www.imdb.com/title/tt1950186/,American car designer Carroll Shelby and driver Ken Miles battle corporate interference and the laws of physics to build a revolutionary race car for Ford in order to defeat Ferrari at the 24 Hours of Le Mans in 1966.,James Mangold,"Matt Damon, Christian Bale, Jon Bernthal",2019,PG-13,81.0,"$97,600,000 (estimated)",152,97.6,226.3,26.0,86.0
Sherlock Jr.,/title/tt0015324/,8.1,63479,"Action, Comedy, Romance",https://www.imdb.com/title/tt0015324/,"A film projectionist longs to be a detective, and puts his meagre skills to work when he is framed by a rival for stealing his girlfriend&apos;s father&apos;s pocketwatch.",Buster Keaton,"Buster Keaton, Kathryn McGuire, Joe Keaton",1924,Passed,,,45,,0.0,,
Mary and Max.,/title/tt0978762/,8.1,198418,"Animation, Comedy, Drama",https://www.imdb.com/title/tt0978762/,"In 1976 Melbourne, a lonely 8-year-old girl strikes up a correspondence with an unlikely pen pal: a severely obese 44-year-old New Yorker with Asperger&apos;s syndrome.",Adam Elliot,"Toni Collette, Philip Seymour Hoffman, Eric Bana",2009,Not Rated,72.0,"A$8,240,000 (estimated)",92,,1.74,6.0,9.0
The Deer Hunter,/title/tt0077416/,8.1,379613,"Drama, War",https://www.imdb.com/title/tt0077416/,The lives of a group of friends are forever changed by the Vietnam War.,Michael Cimino,"Robert De Niro, Christopher Walken, John Cazale",1978,R,90.0,"$15,000,000 (estimated)",183,15.0,49.08,24.0,27.0
Le salaire de la peur,/title/tt0046268/,8.1,71695,"Adventure, Drama, Thriller",https://www.imdb.com/title/tt0046268/,"In a decrepit South American village, four men are hired to transport an urgent nitroglycerine shipment without the equipment that would make it safe.",Henri-Georges Clouzot,"Yves Montand, Charles Vanel, Peter van Eyck",1953,Not Rated,85.0,,156,,0.02,,
The General,/title/tt0017925/,8.1,104036,"Action, Adventure, Comedy",https://www.imdb.com/title/tt0017925/,"After being rejected by the Confederate military, not realizing it was due to his crucial civilian role, an engineer must single-handedly recapture his beloved locomotive after it is seized by Union spies and return it through ene...",Clyde Bruckman,"Buster Keaton, Marion Mack, Glen Cavender",1926,Passed,,"$750,000 (estimated)",78,0.75,0.0,,
Mr. Smith Goes to Washington,/title/tt0031679/,8.1,127352,"Comedy, Drama",https://www.imdb.com/title/tt0031679/,"A naive youth leader is appointed to fill a vacancy in the U.S. Senate. His idealistic plans promptly collide with corruption at home and subterfuge from his hero in Washington, but he tries to forge ahead despite attacks on his c...",Frank Capra,"James Stewart, Jean Arthur, Claude Rains",1939,Approved,73.0,"$1,900,000 (estimated)",129,1.9,0.15,8.0,12.0
Logan,/title/tt3315342/,8.1,903292,"Action, Drama, Sci-Fi",https://www.imdb.com/title/tt3315342/,"In a future where mutants are nearly extinct, an elderly and weary Logan leads a quiet life. But when Laura, a mutant child pursued by scientists, comes to him for help, he must get her to safety.",James Mangold,"Hugh Jackman, Patrick Stewart, Dafne Keen",2017,R,77.0,"$97,000,000 (estimated)",137,97.0,619.18,28.0,82.0
On the Waterfront,/title/tt0047296/,8.1,174553,"Crime, Drama, Thriller",https://www.imdb.com/title/tt0047296/,"An ex-prize fighter turned New Jersey longshoreman struggles to stand up to his corrupt union bosses, including his older brother, as he starts to connect with the grieving sister of one of the syndicate&apos;s victims.",Elia Kazan,"Marlon Brando, Karl Malden, Lee J. Cobb",1954,Approved,91.0,"$910,000 (estimated)",108,0.91,0.0,30.0,11.0
Rocky,/title/tt0075148/,8.1,670368,"Drama, Sport",https://www.imdb.com/title/tt0075148/,A small-time Philadelphia boxer gets a supremely rare chance to fight the world heavyweight champion in a bout in which he strives to go the distance for his self-respect.,John G. Avildsen,"Sylvester Stallone, Talia Shire, Burt Young",1976,PG,70.0,"$960,000 (estimated)",120,0.96,117.25,22.0,23.0
Smultronstället,/title/tt0050986/,8.1,122045,"Drama, Romance",https://www.imdb.com/title/tt0050986/,"After living a life marked by coldness, an aging professor is forced to confront the emptiness of his existence.",Ingmar Bergman,"Victor Sjöström, Bibi Andersson, Ingrid Thulin",1957,Not Rated,88.0,,92,,0.08,16.0,4.0
Tôkyô monogatari,/title/tt0046438/,8.1,75433,Drama,https://www.imdb.com/title/tt0046438/,"An old couple visit their children and grandchildren in the city, but receive little attention.",Yasujirô Ozu,"Chishû Ryû, Chieko Higashiyama, Sô Yamamura",1953,Not Rated,100.0,,137,,0.09,,
The Third Man,/title/tt0041959/,8.1,191689,"Drama, Film-Noir, Mystery",https://www.imdb.com/title/tt0041959/,"Pulp novelist Holly Martins travels to shadowy, postwar Vienna, only to find himself investigating the mysterious death of an old friend, Harry Lime.",Carol Reed,"Orson Welles, Joseph Cotten, Alida Valli",1949,Approved,97.0,,104,,1.42,6.0,4.0
Spotlight,/title/tt1895587/,8.1,524580,"Biography, Crime, Drama",https://www.imdb.com/title/tt1895587/,"The true story of how the Boston Globe uncovered the massive scandal of child molestation and cover-up within the local Catholic Archdiocese, shaking the entire Catholic Church to its core.",Tom McCarthy,"Mark Ruffalo, Michael Keaton, Rachel McAdams",2015,R,93.0,"$20,000,000 (estimated)",129,20.0,98.69,124.0,145.0
Pirates of the Caribbean: The Curse of the Black Pearl,/title/tt0325980/,8.1,1286110,"Action, Adventure, Fantasy",https://www.imdb.com/title/tt0325980/,"Blacksmith Will Turner teams up with eccentric pirate &quot;Captain&quot; Jack Sparrow to save Elizabeth Swann, the governor&apos;s daughter and his love, from Jack&apos;s former pirate allies, who are now undead.",Gore Verbinski,"Johnny Depp, Geoffrey Rush, Orlando Bloom",2003,PG-13,63.0,"$140,000,000 (estimated)",143,140.0,654.26,38.0,104.0
Maharaja,/title/tt26548265/,8.4,74164,"Action, Crime, Drama",https://www.imdb.com/title/tt26548265/,"A barber seeks vengeance after his home is burglarized, cryptically telling police his &quot;lakshmi&quot; has been taken, leaving them uncertain if it&apos;s a person or object. His quest to recover the elusive &quot;lakshmi&quot; unfolds.",Nithilan Saminathan,"Vijay Sethupathi, Anurag Kashyap, Mamta Mohandas",2024,,,"₹200,000,000 (estimated)",141,200.0,0.98,3.0,7.0
The Terminator,/title/tt0088247/,8.1,977601,"Action, Adventure, Sci-Fi",https://www.imdb.com/title/tt0088247/,A cyborg assassin from the future attempts to find and kill a young woman who is destined to give birth to a warrior that will lead a resistance to save humankind from extinction.,James Cameron,"Arnold Schwarzenegger, Linda Hamilton, Michael Biehn",1984,R,84.0,"$6,400,000 (estimated)",107,6.4,78.37,9.0,8.0
The Big Lebowski,/title/tt0118715/,8.1,899824,"Comedy, Crime",https://www.imdb.com/title/tt0118715/,"Jeff &quot;The Dude&quot; Lebowski, mistaken for a millionaire of the same name, seeks restitution for his ruined rug and enlists his bowling buddies to help get it.",Joel Coen,"Jeff Bridges, John Goodman, Julianne Moore",1998,R,71.0,"$15,000,000 (estimated)",117,15.0,48.26,5.0,18.0
La haine,/title/tt0113247/,8.1,216747,"Crime, Drama",https://www.imdb.com/title/tt0113247/,24 hours in the lives of three young men in the French suburbs the day after a violent riot.,Mathieu Kassovitz,"Vincent Cassel, Hubert Koundé, Saïd Taghmaoui",1995,Not Rated,,"€2,590,000 (estimated)",98,2.59,0.76,8.0,15.0
Jai Bhim,/title/tt15097216/,8.6,229243,"Crime, Drama",https://www.imdb.com/title/tt15097216/,"When a tribal man is arrested for a case of alleged theft, his wife turns to a human-rights lawyer to help bring justice.",T.J. Gnanavel,"Suriya, Lijo Mol Jose, Manikandan K.",2021,Approved,,,164,,,10.0,20.0
Det sjunde inseglet,/title/tt0050976/,8.1,211500,"Drama, Fantasy",https://www.imdb.com/title/tt0050976/,"A knight returning to Sweden after the Crusades seeks answers about life, death, and the existence of God as he plays chess against the Grim Reaper during the Black Plague.",Ingmar Bergman,"Max von Sydow, Gunnar Björnstrand, Bengt Ekerot",1957,Not Rated,88.0,"$150,000 (estimated)",96,0.15,0.31,9.0,2.0
Room,/title/tt3170832/,8.1,472416,"Drama, Thriller",https://www.imdb.com/title/tt3170832/,"A little boy is held captive in a room with his mother since his birth, so he has never known the world outside.",Lenny Abrahamson,"Brie Larson, Jacob Tremblay, Sean Bridgers",2015,R,86.0,"$13,000,000 (estimated)",118,13.0,35.4,108.0,143.0
Hotel Rwanda,/title/tt0395169/,8.1,386747,"Biography, Drama, History",https://www.imdb.com/title/tt0395169/,"Paul Rusesabagina, a hotel manager, houses over a thousand Tutsi refugees during their struggle against the Hutu militia in Rwanda, Africa.",Terry George,"Don Cheadle, Sophie Okonedo, Joaquin Phoenix",2004,PG-13,79.0,"$17,500,000 (estimated)",121,17.5,33.88,16.0,49.0
Platoon,/title/tt0091763/,8.1,461768,"Drama, War",https://www.imdb.com/title/tt0091763/,"Chris Taylor, a neophyte recruit in Vietnam, finds himself caught in a battle of wills between two sergeants, one good and the other evil. A shrewd examination of the brutality of war and the duality of man in conflict.",Oliver Stone,"Charlie Sheen, Tom Berenger, Willem Dafoe",1986,R,92.0,"$6,000,000 (estimated)",120,6.0,138.55,24.0,16.0
The Best Years of Our Lives,/title/tt0036868/,8.1,75763,"Drama, Romance, War",https://www.imdb.com/title/tt0036868/,"Three World War II veterans, two of them traumatized or disabled, return home to the American Midwest to discover that they and their families have been irreparably changed.",William Wyler,"Myrna Loy, Dana Andrews, Fredric March",1946,Approved,93.0,"$2,100,000 (estimated)",170,2.1,23.67,25.0,4.0
Before Sunset,/title/tt0381681/,8.1,306739,"Drama, Romance",https://www.imdb.com/title/tt0381681/,"Nine years after Jesse and Celine first met, they encounter each other again on the French leg of Jesse&apos;s book tour.",Richard Linklater,"Ethan Hawke, Julie Delpy, Vernon Dobtcheff",2004,R,91.0,"$2,700,000 (estimated)",80,2.7,16.51,10.0,32.0
The Sound of Music,/title/tt0059742/,8.1,281474,"Biography, Drama, Family",https://www.imdb.com/title/tt0059742/,A young novice is sent by her convent in 1930s Austria to become a governess to the seven children of a widowed naval officer.,Robert Wise,"Julie Andrews, Christopher Plummer, Eleanor Parker",1965,G,63.0,"$8,200,000 (estimated)",172,8.2,159.5,19.0,13.0
The Exorcist,/title/tt0070047/,8.1,485045,Horror,https://www.imdb.com/title/tt0070047/,"When a mysterious entity possesses a young girl, her mother seeks the help of two Catholic priests to save her life.",William Friedkin,"Ellen Burstyn, Max von Sydow, Linda Blair",1973,R,83.0,"$11,000,000 (estimated)",122,11.0,430.87,18.0,21.0
The Incredibles,/title/tt0317705/,8.0,871625,"Animation, Action, Adventure",https://www.imdb.com/title/tt0317705/,"While trying to lead a quiet suburban life, a family of undercover superheroes are forced into action to save the world.",Brad Bird,"Craig T. Nelson, Samuel L. Jackson, Holly Hunter",2004,PG,90.0,"$92,000,000 (estimated)",115,92.0,631.69,69.0,56.0
Hachi: A Dog&apos;s Tale,/title/tt1028532/,8.1,333316,"Biography, Drama, Family",https://www.imdb.com/title/tt1028532/,"Professor Wilson discovers a lost Akita puppy on his way home. Despite objections from his wife, Hachi endears himself to the family and grows to be Parker&apos;s loyal companion. As their bond grows deeper, a beautiful relationship un...",Lasse Hallström,"Richard Gere, Joan Allen, Cary-Hiroyuki Tagawa",2009,G,,"$16,000,000 (estimated)",93,16.0,46.75,,
Rush,/title/tt1979320/,8.1,544861,"Biography, Drama, Sport",https://www.imdb.com/title/tt1979320/,"James Hunt and Niki Lauda, two extremely skilled Formula One racers, have an intense rivalry with each other. However, it is their enmity that pushes them to their limits.",Ron Howard,"Daniel Brühl, Chris Hemsworth, Olivia Wilde",2013,R,74.0,"$38,000,000 (estimated)",123,38.0,93.33,6.0,66.0
The Wizard of Oz,/title/tt0032138/,8.1,456123,"Adventure, Family, Fantasy",https://www.imdb.com/title/tt0032138/,"Young Dorothy Gale and her dog Toto are swept away by a tornado from their Kansas farm to the magical Land of Oz and embark on a quest with three new friends to see the Wizard, who can return her to her home and fulfill the others...",Victor Fleming,"Judy Garland, Frank Morgan, Ray Bolger",1939,G,92.0,"$2,777,000 (estimated)",102,2.78,25.64,16.0,14.0
Koe no Katachi,/title/tt5323662/,8.1,127866,"Animation, Drama",https://www.imdb.com/title/tt5323662/,"A deaf girl, Shoko, is bullied by the popular Shoya. As Shoya continues to bully Shoko, the class turns its back on him. Shoko transfers and Shoya grows up as an outcast. Alone and depressed, the regretful Shoya finds Shoko to mak...",Naoko Yamada,"Miyu Irino, Saori Hayami, Aoi Yûki",2016,Not Rated,78.0,,130,,30.82,6.0,9.0
La passion de Jeanne d&apos;Arc,/title/tt0019254/,8.1,66301,"Biography, Drama, History",https://www.imdb.com/title/tt0019254/,"In 1431, Jeanne d&apos;Arc is placed on trial on charges of heresy, and the ecclesiastical jurists attempt to force her to recant her claims of holy visions.",Carl Theodor Dreyer,"Maria Falconetti, Eugene Silvain, André Berley",1928,Passed,98.0,,110,,0.02,,
Stand by Me,/title/tt0092005/,8.1,471807,"Adventure, Comedy, Drama",https://www.imdb.com/title/tt0092005/,A writer recounts a childhood journey with his friends to find the body of a missing boy.,Rob Reiner,"Wil Wheaton, River Phoenix, Corey Feldman",1986,R,75.0,"$8,000,000 (estimated)",89,8.0,53.53,6.0,12.0
The Iron Giant,/title/tt0129167/,8.1,250395,"Animation, Action, Adventure",https://www.imdb.com/title/tt0129167/,A young boy befriends a giant robot from outer space that a paranoid government agent wants to destroy.,Brad Bird,"Eli Marienthal, Harry Connick Jr., Jennifer Aniston",1999,PG,85.0,"$70,000,000 (estimated)",86,70.0,23.34,20.0,18.0
Babam ve Oglum,/title/tt0476735/,8.2,98652,"Drama, Family",https://www.imdb.com/title/tt0476735/,The family of a left-wing journalist is torn apart after the military coup of Turkey in 1980.,Çagan Irmak,"Çetin Tekindor, Fikret Kuskan, Hümeyra",2005,Not Rated,,,112,,18.61,14.0,7.0
Ah-ga-ssi,/title/tt4016934/,8.1,193258,"Drama, Romance, Thriller",https://www.imdb.com/title/tt4016934/,"In 1930s Korea, a girl is hired as a handmaiden to a Japanese heiress who lives a secluded life on a countryside estate. But the maid has a secret: She is a pickpocket recruited by a swindler to help seduce the Lady and steal her ...",Park Chan-wook,"Kim Min-hee, Ha Jung-woo, Cho Jin-woong",2016,Not Rated,85.0,"₩10,000,000,000 (estimated)",145,10000.0,37.86,69.0,104.0
Network,/title/tt0074958/,8.1,182066,Drama,https://www.imdb.com/title/tt0074958/,"A television network cynically exploits a deranged former anchor&apos;s ravings and revelations about mass media for its own profit, but finds that his message may be difficult to control.",Sidney Lumet,"Faye Dunaway, William Holden, Peter Finch",1976,R,83.0,"$3,800,000 (estimated)",121,3.8,23.7,20.0,27.0
La battaglia di Algeri,/title/tt0058946/,8.1,72690,"Drama, War",https://www.imdb.com/title/tt0058946/,"In the 1950s, fear and violence escalate as the people of Algiers fight for independence from the French government.",Gillo Pontecorvo,"Brahim Hadjadj, Jean Martin, Yacef Saadi",1966,Not Rated,96.0,"$800,000 (estimated)",121,0.8,0.96,9.0,8.0
The Grapes of Wrath,/title/tt0032551/,8.1,106413,Drama,https://www.imdb.com/title/tt0032551/,"An Oklahoma family, driven off their farm by the poverty and hopelessness of the Dust Bowl, joins the westward migration to California, suffering the misfortunes of the homeless in the Great Depression.",John Ford,"Henry Fonda, Jane Darwell, John Carradine",1940,Approved,96.0,"$800,000 (estimated)",129,0.8,0.01,13.0,6.0
To Be or Not to Be,/title/tt0035446/,8.1,48110,"Comedy, Romance, War",https://www.imdb.com/title/tt0035446/,"During the German occupation of Poland, an acting troupe becomes embroiled in a Polish soldier&apos;s efforts to track down a German spy.",Ernst Lubitsch,"Carole Lombard, Jack Benny, Robert Stack",1942,Approved,86.0,,99,,4.58,5.0,2.0
Gekijô-ban Kimetsu no Yaiba Mugen Ressha-hen,/title/tt11032374/,8.2,90172,"Animation, Action, Adventure",https://www.imdb.com/title/tt11032374/,"After his family was brutally murdered and his sister turned into a demon, Tanjiro Kamado&apos;s journey as a demon slayer began. Tanjiro and his comrades embark on a new mission aboard the Mugen Train, on track to despair.",Haruo Sotozaki,"Natsuki Hanae, Akari Kitô, Yoshitsugu Matsuoka",2020,TV-MA,72.0,"$15,000,000 (estimated)",117,15.0,486.45,6.0,6.0
Gangs of Wasseypur,/title/tt1954470/,8.2,110112,"Action, Comedy, Crime",https://www.imdb.com/title/tt1954470/,"A clash between Sultan and Shahid Khan leads to the expulsion of Khan from Wasseypur, and ignites a deadly blood feud spanning three generations.",Anurag Kashyap,"Manoj Bajpayee, Nawazuddin Siddiqui, Tigmanshu Dhulia",2012,Not Rated,89.0,"₹184,000,000 (estimated)",321,184.0,4.38,18.0,65.0
Into the Wild,/title/tt0758758/,8.0,685744,"Adventure, Biography, Drama",https://www.imdb.com/title/tt0758758/,"After graduating from Emory University, top student and athlete Christopher McCandless abandons his possessions, gives his entire $24,000 savings account to charity and hitchhikes to Alaska to live in the wilderness.",Sean Penn,"Emile Hirsch, Vince Vaughn, Catherine Keener",2007,R,73.0,"$15,000,000 (estimated)",148,15.0,56.68,23.0,106.0
The Help,/title/tt1454029/,8.1,518976,Drama,https://www.imdb.com/title/tt1454029/,"An aspiring author during the civil rights movement of the 1960s decides to write a book detailing the African American maids&apos; point of view on the white families for which they work, and the hardships they go through on a daily b...",Tate Taylor,"Viola Davis, Emma Stone, Octavia Spencer",2011,PG-13,62.0,"$25,000,000 (estimated)",146,25.0,221.8,79.0,121.0
Laapataa Ladies,/title/tt21626284/,8.3,54594,"Comedy, Drama",https://www.imdb.com/title/tt21626284/,"The misadventures of two young brides who get lost from the same train. From mistaken identities to laugh-out-aloud escapades, the ensuing chaos guarantees laughter galore and heartwarming moments.",Kiran Rao,"Nitanshi Goel, Pratibha Ranta, Sparsh Shrivastava",2023,TV-14,,,122,,0.11,41.0,43.0
Drishyam,/title/tt4430212/,8.2,103968,"Crime, Drama, Mystery",https://www.imdb.com/title/tt4430212/,"Desperate measures are taken by a man who tries to save his family from the dark side of the law, after they commit an unexpected crime.",Nishikant Kamat,"Ajay Devgn, Shriya Saran, Tabu",2015,Not Rated,,"$9,400,000 (estimated)",163,9.4,,2.0,8.0
